fecha,año,mes,ed_activo_total,ed_activo_creditos_esp,ed_activo_credito_sector_publico,ed_activo_credito_sector_privado,ed_activo_creditos_resto_mundo,ed_activo_renta_fija_esp,ed_activo_renta_fija_resto_mundo,ed_activo_acciones_esp,ed_activo_acciones_resto_mundo,ed_activo_efectivo,ed_activo_otros_residual
1976-07-01,1976,7,495791.6837935643,71622.30706881189,884.0213195544555,342433.1317638614,19234.9599269802,,,20932.61522549505,483.988274009901,6106.039040346535,34094.62117450495
1976-08-01,1976,8,488630.6709167485,70481.2979506385,800.9514341846758,338953.2078737721,17886.483314096266,,,20879.85251031434,480.9319860019646,6208.046055500981,32939.89979223969
1976-09-01,1976,9,489061.72923047247,72815.19087777242,737.720837994214,335301.03990453226,18274.43362174542,,,20657.08807280617,494.7477589199614,5903.930430810028,34877.57772589199
1976-10-01,1976,10,493312.64141349815,71527.01945674905,631.3069700570343,340126.216006654,19656.71074168251,,,20504.643125000002,449.675170865019,5363.205161121673,35053.86478136882
1976-11-01,1976,11,496424.89152847807,70864.12144584501,1131.9473695144725,341232.4250816994,20055.577245798322,,,20389.85994747899,436.50157469654533,5727.180471755369,36587.278391690015
1976-12-01,1976,12,513047.37440281623,73503.97526246538,1317.3051200369346,350458.85535226227,20965.003456602033,,,20283.73641735919,446.71790120036934,6342.88150854109,39728.89938434903
1977-01-01,1977,1,494532.3767643112,70191.90177034884,2222.422498658318,340950.8178696332,20147.437708855097,,,19747.621177772806,434.581213998211,5521.711098389981,35315.883426654735
1977-02-01,1977,2,490024.0266171807,67033.05684118942,1344.7518737885462,340722.1571140969,20244.468188546256,,,19645.031032158593,430.3505323788546,5283.14445969163,35321.0665753304
1977-03-01,1977,3,487069.9613453098,67092.17938962995,1082.312986876076,338137.44761531847,20173.247570137697,,,19451.621939974182,420.80918911359726,5436.482057444062,35275.86059681584
1977-04-01,1977,4,487728.8264182163,66756.52631931528,1295.5359890109885,340167.80234234984,20985.475574387143,,,19322.131667371083,409.14933939137774,5275.253238165678,33516.951948224836
1977-05-01,1977,5,494141.9889518022,67730.82328164292,1341.0683883067898,344001.1228040654,21012.398498323553,,,19606.38434639564,409.23694279128244,5298.987759430009,34741.966930846604
1977-06-01,1977,6,494254.21934706374,68594.15274816476,1076.7068957993476,340949.5459106852,21810.68959257749,,,19278.75176835237,402.63674143556284,5894.130393964112,36247.60529608483
1977-07-01,1977,7,498599.0594709945,67198.46122257301,1299.9021600236779,341673.2810664957,26586.46651874507,,,18788.684426992895,414.08048579321235,6469.674913378059,36168.5086769929
1977-08-01,1977,8,477279.16260646016,65209.40552580275,1186.400362767584,328581.56352580275,23893.929243119266,,,18332.780517010702,400.6938470948012,6201.2373757645255,33473.152209097854
1977-09-01,1977,9,476762.7492328431,64677.17046587482,1093.135463989442,327091.27782654605,25065.36684144042,,,18182.35047831825,438.2274081825038,5300.870009803922,34914.35073868778
1977-10-01,1977,10,473516.4590920564,62834.264177988116,1082.8786651818857,327014.3838268374,24164.0688749072,,,18045.15128637713,443.83682757980694,5468.224810690423,34463.65062249443
1977-11-01,1977,11,478794.2335434783,64366.62317446574,1061.474629513633,330983.02026584384,23737.275096352252,,,18100.539992446575,440.90240954310985,5533.200527450258,34571.197447862934
1977-12-01,1977,12,494063.3301679459,68140.91356999267,1124.2831655701752,338181.8760667032,25301.64393786549,,,17366.25790350877,448.83849634502917,5944.561753289473,37554.95527467105
1978-01-01,1978,1,480443.0247028777,66673.64022392087,1598.1551365107912,329905.40549766185,24675.467154316546,,,17310.038285251798,442.71953381294963,5450.400582374101,34387.198289028776
1978-02-01,1978,2,481709.06911306985,68083.59185933048,1071.9618710826212,330002.73607923795,25178.49945263533,,,17260.451520833336,491.2150334757835,5195.002576388889,34425.610720085475
1978-03-01,1978,3,484725.74827936006,69170.9627317159,1093.490036392405,328729.9240216245,27396.14163449367,,,17483.885925632912,522.5548908227848,5190.861683016878,35137.92735566104
1978-04-01,1978,4,477764.6541456612,65413.959450241055,1012.6994602272729,327824.51786449726,27906.459507403586,,,17155.964369318182,521.2571341253444,4972.577415117081,32957.21894473141
1978-05-01,1978,5,475003.7112222033,62372.17820924283,1041.5428790927695,327400.48528410646,27021.86752489768,,,17039.731086630287,518.9252689290587,5585.950222032742,34023.03074727149
1978-06-01,1978,6,483731.1959336597,63069.92126130992,997.0379429439568,331133.8719741728,30690.1464027684,,,16985.93768365969,515.4669559419311,5493.77476181634,34845.03895104659
1978-07-01,1978,7,484815.2322516524,63257.85386946464,818.8443187376075,331612.1924618308,29357.467825677464,,,16892.913047422342,505.9807881692003,6635.47847323199,35734.50146711831
1978-08-01,1978,8,470017.5812839506,63446.80426981806,786.543327322937,322005.5615808967,26543.50828411306,,,16691.334224821312,490.89252306692657,6459.714314002599,33593.22275990903
1978-09-01,1978,9,470813.46583086345,62155.14258714562,614.8142069909794,321093.87681894336,28911.737937661084,,,16601.551846488404,533.1749568298969,5747.640083601805,35155.52739320233
1978-10-01,1978,10,466135.34953224787,58332.842243773965,465.5508105044701,321365.39124457224,26570.184675447006,,,16826.143313537683,525.7289455619415,5954.454040708813,36095.054258141776
1978-11-01,1978,11,470926.13582501584,58932.30077558804,361.4767606484424,322552.53785712016,29020.37686617927,,,16722.784993324854,538.9915554672599,6219.295751430387,36578.37126525746
1978-12-01,1978,12,490157.7213125391,63303.67585815046,319.994550783699,331082.0416717868,30977.27189905956,,,16560.48496630094,547.9376166144201,6622.167296081504,40744.147453761754
1979-01-01,1979,1,480183.168150894,66489.19423674476,432.93992987053025,321864.76142447593,29302.628060727497,,,16366.262597410605,537.8318298397041,6291.685169852035,38897.86490197287
1979-02-01,1979,2,483705.9196323439,67062.37372322522,403.88715116279064,324683.2904074357,28811.258119951035,,,16379.004923041615,592.913475367197,6082.000532129743,39691.1913000306
1979-03-01,1979,3,486286.67952619627,71508.5639371593,480.5724444276196,324308.6886701999,29759.18122698365,,,16143.445696396122,588.5129359479104,5528.414367655966,37969.3002474258
1979-04-01,1979,4,483486.9110037291,71681.06862335918,427.76467556682576,322157.9388323389,28251.86189707637,,,15861.912020286396,576.9585262529832,6173.615068466586,38355.79136038186
1979-05-01,1979,5,479708.9542597287,69045.20448879716,424.7010229952829,321770.9629249705,28265.95341450471,,,15643.363632959905,591.0459942511792,6163.972519015329,37803.750262234666
1979-06-01,1979,6,496472.37036148447,79937.90366350087,450.3617331969608,325924.4732337814,28937.76030260082,,,15504.487645821158,628.7475366744593,6309.865278199883,38778.770967708944
1979-07-01,1979,7,498509.1688093535,80502.4897667334,462.9261915045766,326591.14651072654,28995.026976115558,,,15329.81682265446,618.7965506292907,6675.628765446224,39333.33722554347
1979-08-01,1979,8,492953.4656740794,78138.24446303118,481.5656718130313,321931.0579447593,32212.928927620407,,,15351.199499858361,680.8240713881021,6569.415053257791,37588.230042351286
1979-09-01,1979,9,494708.9705560683,80882.54994449107,487.85635766219247,322083.8166345079,31433.079290548107,,,15107.410463926175,674.4059359619688,6065.19387346197,37974.65805550896
1979-10-01,1979,10,497324.8044054911,80294.71639597129,499.9340811258278,322925.14386437635,32430.358651490063,,,15021.347094094921,646.8920339403974,6281.035793046357,39225.37649144591
1979-11-01,1979,11,505629.6016649697,76547.05836268574,474.23742680242157,327503.36880792514,38127.359346862955,,,14946.174296642817,674.5049605118327,6205.970288112273,41150.928175426525
1979-12-01,1979,12,522398.50874498085,82078.53084495384,531.2954549647312,331576.68411977746,38271.33523467172,,,14175.082696418876,698.7619944384154,6927.92985404232,48138.88166739011
1980-01-01,1980,1,504749.72639097145,80095.50818637804,540.5221628827877,321387.33784054907,36893.88712156811,,,13891.582897967264,688.2324035110876,6610.1621104804635,44642.49366763463
1980-02-01,1980,2,507387.88061747776,79483.42150706437,583.6346512297226,323753.2098100471,38001.785356227105,,,13848.503594976451,672.4249697802198,5710.972061747777,45333.93529997384
1980-03-01,1980,3,511859.93077446637,76707.80613443519,594.7975973451327,328143.70526978135,40553.820719026546,,,13784.860286309213,688.3191491410722,5978.7406837584585,45407.89413274336
1980-04-01,1980,4,515872.80707847944,78712.29967100517,598.4340817010311,328722.281026031,40782.5292507732,,,13700.436768943302,694.6532279639176,6012.9092453608255,46649.26380670104
1980-05-01,1980,5,514867.3436504096,75429.71971927801,590.0043751920123,330853.28934190987,41997.46909523809,,,13554.230350998463,757.8723262928827,5891.663985279057,45793.10094713261
1980-06-01,1980,6,521932.8277291982,78865.74395272315,571.8985031517902,332889.773716465,41124.43179765507,,,13096.3293290469,758.546546394352,6818.5316780131125,47807.57220574887
1980-07-01,1980,7,528960.8561386126,80906.18295972153,662.5130523371457,337053.3877265042,42913.46521705619,,,12979.258481228244,753.0972877921432,6622.287552585778,47070.657557682745
1980-08-01,1980,8,526558.332192629,82151.78115945945,608.0105685503685,333138.81047371007,45879.21393918918,,,12785.115967076166,796.2182578624079,6704.462097788697,44494.707270270264
1980-09-01,1980,9,530927.464780627,86277.06074039862,619.6570421730676,332466.11521803593,44431.515731040345,,,12642.08460439961,856.9655556635877,6580.496611084102,47053.56927783178
1980-10-01,1980,10,536246.484918958,86205.88097648334,658.866895923782,336609.73595682584,45414.955261456824,,,12568.908955016885,856.1239749155812,5881.2414884225755,48050.76529474192
1980-11-01,1980,11,538278.6874158308,82548.2778239016,680.6397704154726,340334.4325956303,47445.24922039159,,,12531.857290114613,843.1007365090734,6206.219578557783,47688.91645415472
1980-12-01,1980,12,631209.5930136535,87588.64334392657,722.1808396892657,343378.0159256121,49280.561239759896,79353.14854072506,46.63062511770245,12004.04071433616,798.2592447033899,6888.130553672318,51149.98198611112
1981-01-01,1981,1,621571.3433221042,89897.09365124594,716.6370936778957,335882.15011605906,50146.684140055375,78888.56768181817,48.44893562528841,11786.271199007842,797.2605216889708,5930.384886825103,47477.85679591601
1981-02-01,1981,2,624751.7450065427,88507.25254683195,731.2470904499539,337479.97869134526,51687.736938360875,79921.53073484848,52.959480371900824,11792.404088613404,837.2009733700642,5514.805316115702,48226.64078696051
1981-03-01,1981,3,622188.9765461503,90995.64069473208,735.8508060558305,332353.8032681224,52454.49655132822,78393.98659736603,52.9329939216569,11701.547770598825,803.7379129896442,5935.898175934263,48761.07606742457
1981-04-01,1981,4,631504.6275949621,93175.7797497771,785.2916000891663,335526.8908518725,54224.34881531432,77866.61755427998,55.437468011591626,11591.46647391886,809.6108400579582,5618.507411502453,51850.67683013821
1981-05-01,1981,5,634870.2333165484,90995.35374090506,960.2047593167702,337490.3988035714,57547.79385880657,77726.77273857588,59.896800133096725,11784.55763542591,839.7981307675244,5634.489176464064,51830.96767258208
1981-06-01,1981,6,644577.3931925974,91496.6739183289,1070.4267928856382,342661.2621464982,59137.37027847961,78255.18482025708,62.512785350177296,11819.394875221631,842.0598617021276,6763.714801085992,52468.78729366134
1981-07-01,1981,7,651401.2363343479,95662.62466456523,1121.7325377173916,345639.3105442391,61301.643417173924,77572.75360054348,67.84265902173914,11676.962285652176,877.0988208695653,6099.214332173913,51382.05898402174
1981-08-01,1981,8,639724.739525773,94894.23530100942,1132.81572573024,338600.6428198023,59444.7766578608,77397.05309740118,70.20131486254293,11735.495867160647,872.2453472938142,6703.1092748066985,48874.16956518469
1981-09-01,1981,9,644432.3937100383,96414.58915718243,1170.5027940110826,338701.44295875955,60061.29594543904,77206.30852823955,73.65591613384483,11640.74719927536,877.9270784313725,6558.8942529838005,51727.035283141515
1981-10-01,1981,10,647049.8253257481,97360.07364422674,1231.829659713443,341365.35754867265,59696.28482132323,77587.1375507796,77.02207395701645,11517.51383196376,880.9726911083019,5934.123966392753,51399.509537610626
1981-11-01,1981,11,647622.4511671542,92266.5832788341,1382.76696427079,345379.9502299415,60955.116727434186,77644.76001190973,77.3371806310071,11483.752870768909,850.110377350606,6473.565413706644,51108.51870716674
1981-12-01,1981,12,674710.2750314947,99249.51147869497,2265.745953787568,350424.8876414164,64287.040197612216,78097.34946212437,84.6873702140799,11380.172636270074,867.9998791683826,6340.201621037468,61712.67879116924
1982-01-01,1982,1,664061.9082860887,101334.14669818548,2532.7533108870966,342162.37120241934,63464.196246572574,77481.1854171371,92.71918074596773,11193.053979133065,865.4488787298387,5989.421898286289,58946.601250806445
1982-02-01,1982,2,670228.7106486594,103393.84558263306,2685.6651084433774,342082.54007743095,66616.94012294918,78294.19001910764,107.56214765906363,11124.60142527011,892.0394107643057,5534.920657362945,59496.41116976791
1982-03-01,1982,3,687981.712366779,116676.26959419574,2765.7363705427897,341582.1405875595,70179.99976772981,77798.75665263472,141.65916551109353,11433.876026743266,1043.2804530507133,5822.917451465928,60537.07629734549
1982-04-01,1982,4,693385.4102138248,121479.9616380524,2823.573783633164,343086.15981658193,69779.04891220179,76609.61100117325,180.4738874657802,10646.437357254596,1177.2769321470473,5219.633221255378,62383.223748728975
1982-05-01,1982,5,682248.3662345796,116112.20292993444,2866.3040722821893,340929.7948810716,69781.5991894757,75294.8907625289,203.0137041249036,10523.129489591362,1168.24021501542,5826.359405936776,59542.841358519654
1982-06-01,1982,6,696755.293522146,116315.3671554983,3398.7339650630015,344749.879402921,74856.73634287897,75254.28967793052,236.1292752959145,10391.522587342499,1197.7278009736544,6534.813801832762,63820.09351240933
1982-07-01,1982,7,710273.4985279976,126406.64283144796,3513.534301093514,348893.7199630467,77830.97161595021,74917.58008983785,281.4267180429864,10643.852450791854,1254.7592464177976,5972.575237368023,60558.43607400075
1982-08-01,1982,8,702771.8724859601,122934.2662715275,3604.378286690378,344627.282604736,78487.18875280792,75850.87088328341,305.84142521527514,10748.27033657806,1196.2561553725195,6511.274289591913,58506.24348015724
1982-09-01,1982,9,711930.1579287583,125139.22503290948,3813.3740445961103,346931.491329095,78497.28992801048,77673.14473345176,343.7323992146596,10733.362506451009,1174.1164131451008,6209.417276178009,61415.00900645101
1982-10-01,1982,10,716392.3586305999,124001.9738244169,3973.581495742318,349140.7299829693,81396.15393104406,78491.50265355424,421.39281701221773,10668.632650129583,1250.7836178267312,5521.078973250649,61526.53337800815
1982-11-01,1982,11,720484.5737800737,119814.78911282287,4106.972300645756,354907.7093460331,79565.65411937269,78505.81233062729,532.7883658671585,10678.183179335792,1367.2927372693725,6484.962201014759,64520.414764852394
1982-12-01,1982,12,706649.0999976534,127668.91303032493,4898.332811552347,354471.507557852,58188.03070162456,77885.00467608303,466.78813953068595,10284.166748375452,1029.3475235559567,6143.130167779784,65613.8740645307
1983-01-01,1983,1,698272.3177282569,128147.91572337593,6091.671134717785,345228.06579206605,56793.518533102586,78288.41743707845,391.52122124600635,10144.4420599929,1258.2113133652822,6096.292725860844,65832.26178745119
1983-02-01,1983,2,705758.4299005653,131751.96585959024,6124.6255611974575,345859.2418655069,56134.62372509714,79141.2726540975,353.33250167785235,10111.01789164606,1296.8525708230306,5915.868908071353,69069.63284069233
1983-03-01,1983,3,712745.0965647823,134926.59547428018,6378.537329792837,348401.84142011934,56756.698517819525,79443.25156776684,236.26915967345505,10010.426204792837,1260.1659841116573,5529.493303897472,69801.81315142204
1983-04-01,1983,4,703328.4664177347,133040.45383676828,6398.4347805680645,347114.6235977659,53968.96005767233,77371.53589582612,195.5784973155525,10195.918367855907,1295.2108154658818,5825.07859490821,67922.67197358851
1983-05-01,1983,5,704625.9674979304,127858.57943299414,6758.308195153502,347187.0071719559,54505.45105018973,77025.66900198346,239.20970403587447,10222.57230432908,1341.8070947740603,6084.538276733357,73402.82089298034
1983-06-01,1983,6,722163.6859489027,135800.32342926957,7271.0942692901235,349717.1800725309,56887.81986505487,76865.1475769033,248.05739197530866,10137.656967849794,1379.7312098765435,6670.57019015775,77186.10062868657
1983-07-01,1983,7,723262.4831835269,140991.25540994533,7232.181188909774,354824.9446139781,56160.4676643028,76492.74858082707,260.51457766575527,10147.326792207792,1379.3135830485303,6526.069750598086,69247.6566895933
1983-08-01,1983,8,719897.5110092718,142096.81506026635,7519.163401635199,348019.78416385705,57354.06198314229,75356.22233926164,274.44351685772085,10025.249171274445,1372.8629616486853,6842.966067093729,71035.93807021242
1983-09-01,1983,9,727941.3327245733,148500.48796738038,7831.491727333556,347351.6824952325,56603.7669057377,76259.66366008698,269.5283169120107,9868.016492137838,1369.3349857811977,6102.063245817999,73785.30116928738
1983-10-01,1983,10,729877.6081202144,153557.90333688117,7781.2652772277215,348084.7867160065,55378.36982376237,76459.9640561056,247.22591122112206,9747.086135066005,1374.6910357260724,6130.103946617161,71116.21188160066
1983-11-01,1983,11,729755.4848911305,149704.67312806274,8041.341682130023,348312.151935887,56457.444645949035,75887.73010241751,245.44275253185234,9775.26514513231,1372.1950315256454,6576.802262659263,73382.43406345966
1983-12-01,1983,12,736631.7280618564,154015.76217141244,8349.24282311776,348827.16983083973,58385.11332657657,75153.12123914092,300.2448265765765,12518.372199967824,2190.695760939511,6450.6751794562415,70441.33070382882
1984-01-01,1984,1,750514.017796578,155887.4809342522,8676.106678311155,340058.48215518065,56639.73506685678,91339.89602962612,288.65313220849174,12536.486340304182,2153.059226473384,6236.499077867554,76697.62317221166
1984-02-01,1984,2,740428.8959791666,144318.1362535511,8415.665364267677,336216.204789457,54429.61086868686,98087.0934023832,328.1069422348484,12432.96265246212,2150.073636284722,5863.192948469065,78187.84511987057
1984-03-01,1984,3,746013.6519506105,141631.31085801503,8251.814122964934,332246.2465266906,55788.23749882592,109292.64378318722,333.1635645742016,12391.511218221665,2163.6997589229804,5573.63834791797,78341.38627128991
1984-04-01,1984,4,757822.5699110314,144190.62034847302,8420.893634309752,332304.2872178248,57614.11823808039,112805.8671710813,366.3181762231224,12463.244139217823,2167.072438298535,6060.391135634153,81429.76136226238
1984-05-01,1984,5,763098.3037430254,146456.63042885927,8369.291732563546,329980.6908685679,59435.36676712648,115298.26741607254,400.33538019218844,11903.425024876007,2166.018822380657,6044.39700216987,83043.88422977371
1984-06-01,1984,6,771568.8280544013,150789.76177000615,8594.727251308093,332010.79739281314,59002.6589572176,115012.70751446599,401.97666012619266,11671.755676208064,2152.2109357494614,6427.717019544475,85504.52268044013
1984-07-01,1984,7,798163.5473255531,171102.63670771444,8550.788732418914,322016.32517111243,60097.88567762958,133917.7672331767,581.9585058351015,11520.491297741739,2121.417031373143,6586.8800316004845,81667.4007795544
1984-08-01,1984,8,782462.1401596176,163913.6936034768,8273.914766631546,315321.5977959813,60511.31750918121,136601.31518452737,595.4294660596025,11491.802050948223,2129.1368640878986,6290.621583534015,77333.31133518965
1984-09-01,1984,9,797919.9941786572,167239.5913568639,8352.184693601683,313983.9167280715,63329.577742415146,140292.94870216283,632.0058638480024,11380.808398843497,2109.1880526434365,6033.264781616101,84566.5040506158
1984-10-01,1984,10,810695.3058265898,174508.00423156164,8453.204384517765,314393.03342154366,63459.06102358912,143303.5841469095,718.2785089578978,11724.861964914897,2097.000930501642,5984.2663220364275,86054.01089205731
1984-11-01,1984,11,803627.3963305111,162020.73956706774,8272.257276069518,315434.8810505793,64427.61219578134,145888.9236538176,786.9678193701723,11896.000039884137,2114.727450831848,6275.141894682115,86510.14538242722
1984-12-01,1984,12,807993.2612631305,163960.75159036583,8477.753303850692,319834.70174461487,65103.160930141625,145264.1014123635,809.4791267335495,11681.6382169519,2074.8349809678366,6780.149825022128,84006.68265100323
1985-01-01,1985,1,802761.3962502173,162779.22727831692,10360.242862905563,308563.50113716687,63776.91286457127,156259.39334212051,782.9655824884126,11688.249938731171,2010.219670770568,6428.485686993047,80112.19788615295
1985-02-01,1985,2,814065.4980182627,159721.24574748342,10446.52065882945,306463.7927580528,69733.98507125393,159274.60632880355,754.9429370865687,11550.4369866983,2057.9538764020704,6011.575895527752,88050.4377581248
1985-03-01,1985,3,807110.3946481136,160186.7497495713,10804.286422977992,306127.12945813086,66973.7012586453,160578.95006237496,843.1506050300085,11619.891634967133,2111.5538207344953,5894.974964132609,81970.006671549
1985-04-01,1985,4,825225.5919882602,171560.4357251768,10201.735592291372,307040.46338734083,68249.15119922206,160234.18813528997,845.3832310466761,11536.427029066477,2089.7918225601134,5986.284096110325,87481.72818408768
1985-05-01,1985,5,814827.9141297237,166126.73885765654,9649.269689297802,308378.9247320925,67097.75532945573,159934.453927806,873.054850888325,11682.26146496052,2095.6641118866332,5984.730854413424,83005.05673632263
1985-06-01,1985,6,826297.2613760594,168626.8017285311,10254.839007485876,313902.3424045198,67132.21484096046,160751.91510346046,899.9095908898306,11714.094077612996,2119.3628068502826,6687.311496257063,84208.47390049435
1985-07-01,1985,7,827392.1546997892,182318.8203077247,10209.768988764044,317596.7673981039,64165.88767057584,152522.6856134129,772.9755139044944,11061.927898665728,2114.7738925561794,6885.7542162921345,79742.79676067416
1985-08-01,1985,8,808469.8121998598,176646.03438373073,9962.780503225807,312443.1602954418,63705.03538366059,153303.2802871669,791.5092452314166,11114.462351753156,2119.929524403927,6540.203794740533,71843.41287461431
1985-09-01,1985,9,825960.6247938401,181430.88412874585,9956.021877011653,309133.3788591149,63399.14570886515,158502.13616807712,800.6155525110988,11047.94590850444,2092.9089135682575,6525.789704078801,83071.79797336293
1985-10-01,1985,10,829929.520118341,182279.04773240403,10200.025157673197,314842.18078477774,62442.454951214444,157047.3711949351,1162.4296333839357,10999.577136489095,2136.3560292575207,6087.723147115648,82732.35435109024
1985-11-01,1985,11,823458.3785293754,173593.5464935634,10555.937710901122,315593.36123979726,62538.15070713502,160199.36049732947,846.2971911804984,10977.19746726924,2029.9500949739793,6403.9496646124335,80720.62399048205
1985-12-01,1985,12,831563.2602736637,176768.5371177033,10985.527700354614,318945.02786190686,60913.63373942992,163021.34173847525,890.4085574195311,10725.86871665303,2076.6736487315884,6722.031686442992,80514.20950654669
1986-01-01,1986,1,798644.9920369929,165789.48129793158,15139.952450676214,304301.6119882657,56548.21511906656,167251.93988988333,857.6354195173693,10665.382418257757,2018.4875383850438,5896.561184301247,70175.72809234951
1986-02-01,1986,2,798407.6809195485,167693.62436048046,15010.620661628827,302999.8090156415,53278.98139004751,167958.34020043557,1325.3394876583948,10692.520702283526,2030.2879329461457,5622.362844178986,71795.79767080252
1986-03-01,1986,3,817260.0671724547,176478.13946704817,15939.917541633782,304591.66618705605,57292.5165956985,170403.30812970272,1673.9079738884507,10779.102891541701,2138.2785710339385,6348.083502828204,71615.14964713233
1986-04-01,1986,4,824206.5205942913,173962.33154980314,14916.369056824147,310352.4663329396,57082.72982211286,176969.10692440945,912.0672082677165,10861.362873687665,2172.8614946194225,5630.912533070867,71346.3161257874
1986-05-01,1986,5,820804.8420760926,167221.29843018844,15216.366501046845,311834.66327237635,58767.6281029835,178239.47103062025,890.5773522638051,10968.135766226118,2115.978824784088,5969.465318503009,69581.25415944778
1986-06-01,1986,6,837203.0619233013,171850.42172704873,16422.02609167531,313637.68426367996,57238.59681133299,183504.73726640298,1853.5834703708506,10961.466716091803,2103.650116830913,6633.405316001036,72997.49014386669
1986-07-01,1986,7,818260.5123476251,168608.43963318356,15345.773806418485,316557.2950120026,54913.679407894735,174182.69789679075,1481.6630964698331,10890.460858215662,2058.29086309371,6601.413494223362,67620.80153395378
1986-08-01,1986,8,810006.2071226957,168639.01620462106,14817.355222094211,310684.6320192012,55503.46223803123,174652.45942447515,987.8031269201227,10983.592511072708,2058.0927561443928,6485.799825588837,65193.99379454685
1986-09-01,1986,9,817305.5937429674,177443.2193322985,14147.734883552963,308627.05038038513,56546.667285922435,171576.47340325644,1160.5747740750123,11083.848577546882,1990.79588469336,6536.017932970095,68193.20807570957
1986-10-01,1986,10,819071.1503197427,166222.17376584202,13660.684706765971,309319.5168335017,58433.291902108074,182668.54628168396,1509.3685521333,11344.862348649334,1997.3162140242368,5735.587696541279,68179.80201849282
1986-11-01,1986,11,828559.7544555287,169296.93450803388,13580.189767396254,314860.11251973675,56616.938059084,183568.12904225706,2080.7704698886632,11931.490539473682,2004.5624166244936,6515.531939714067,68105.09519331982
1986-12-01,1986,12,841404.0301839255,169947.61820414467,12396.334796422276,321245.466266566,55661.86216452509,189755.88807035785,2488.335195263291,11810.665113693629,2020.8956094734197,6839.140161375663,69237.82460210382
1987-01-01,1987,1,825946.2823864716,168560.30386540387,12858.551522693173,314189.47330382594,53961.028844586144,188894.44169142283,2976.5066059639908,11955.94409883721,2011.7548942860717,6133.79717104276,64404.47721842961
1987-02-01,1987,2,843052.3945030504,179410.0212909612,12924.360134524404,314389.18282021914,54816.741744023915,192696.18963309267,2471.2970590139444,11971.716260893925,1997.2446897410364,5838.763954245518,66536.87691633467
1987-03-01,1987,3,829095.6316226788,166458.29126089378,12850.555492634314,315729.0563148056,53060.23039230007,191328.07548143103,2423.801504889824,11808.924615375092,2001.112397128002,6405.801249133448,67029.7891912602
1987-04-01,1987,4,843667.9450455781,173188.13945855977,13183.334600728756,320700.67109232955,52197.72379415762,191266.33739037797,2045.1092624752964,11670.833603137353,2180.454237339427,6083.302380373024,71152.03922609931
1987-05-01,1987,5,857251.309755936,183928.85017412808,13001.488639809546,323796.5468937669,51997.3978313752,192541.07918767,1730.2744718649512,11735.186980521887,2217.296205849616,6172.103573893147,70131.08579705663
1987-06-01,1987,6,868975.8649807122,185511.63159823196,14935.963771636993,328710.9706781034,51637.43081800197,190236.4105507542,1665.6979915306629,11634.090447205737,2271.251041666667,7407.40056274728,74965.01438612759
1987-07-01,1987,7,866811.1280308445,187306.09388427172,14047.070987698897,332383.7674545287,51636.033544981634,186212.8304828641,1609.3452207466337,11522.843012668298,2319.0663358629126,7274.75392252142,72499.3262879437
1987-08-01,1987,8,868473.2784880018,194892.5593642262,13833.304781280603,329156.7615314642,50303.637858533286,187215.69773402298,1611.9617482247793,11739.232324620467,2355.137768976493,7212.322685173847,70152.66889948578
1987-09-01,1987,9,869323.0874156152,190414.2102759039,13992.929487745692,331186.4551960082,51254.247391834506,186410.77819370298,1434.5337600703713,11647.71843320796,2337.0777550958505,7018.594454986654,73626.53939092453
1987-10-01,1987,10,873535.0599210082,193420.61623540762,14301.499022009164,337679.17239284853,50167.69693234442,184531.95492963097,1428.2379939097925,11763.745759708152,2340.68269603232,6303.622481789676,71597.83147732753
1987-11-01,1987,11,887575.7693568665,192678.4778076644,15397.800901595745,342805.0872720624,49509.99113829787,189564.91046778287,1737.69860801499,12054.372453638782,2356.897771941489,7157.99002605174,74312.54290981624
1987-12-01,1987,12,896521.638158757,190650.99368748497,14691.608097747532,349855.80189900025,47134.3461482173,195112.9898064924,1645.5191083473862,12351.946073295592,2390.85154107444,7573.507613105276,75114.06807618646
1988-01-01,1988,1,879872.055187874,210452.07726717737,16825.5404123773,342985.91733768256,46135.667440387835,171690.0082316854,1134.8255734977254,12836.08797665789,2358.6251186856593,6755.3936411299965,68697.91218859228
1988-02-01,1988,2,883308.6529114348,213558.97630508474,15959.398800489376,342216.74647368107,45511.178752566244,172836.5404861542,1237.991008414896,13009.277887383621,2369.1269100023874,6712.8914064215805,69896.52488123658
1988-03-01,1988,3,891523.6473643043,213287.81508123962,16691.019112052618,345957.51252956863,44624.33538919176,175543.83307827683,1439.119104823418,13502.337240400568,2362.6289056648498,6277.800626925812,71837.24329147903
1988-04-01,1988,4,900310.7607382851,212435.6738463368,17043.40187987631,350173.1942538059,44496.67103044719,181423.54282635587,1570.2796367150336,13898.331565057091,2396.358060299715,6410.533569814462,70462.77105417459
1988-05-01,1988,5,907884.2474121075,211989.57829014034,17039.542165318744,352819.32107701,44145.340512844916,180383.29547585634,1597.7167794957184,15559.534618220745,2432.386083372978,7112.597555423406,74804.93786982636
1988-06-01,1988,6,923246.2909689648,211732.32519089078,19219.541723229093,359029.4328940417,46402.10363877044,182037.72456023455,1525.1472706112297,16148.236392383322,2415.441940180052,8195.592454809286,76540.73889729922
1988-07-01,1988,7,927347.0954476147,214679.39455641957,17618.34044375585,367129.94262236904,46192.9356181595,178672.44991037186,1474.5823283442471,16284.180692703463,2387.349833138447,7571.770004618804,75336.15240236203
1988-08-01,1988,8,904519.2704635912,209973.56903745086,17062.465233155828,357226.2890568419,48216.06411924058,174948.65682872196,1441.3074380064834,16343.318694315816,2467.554776221348,7637.526144246356,69202.52500561475
1988-09-01,1988,9,915656.3867482208,214184.93328059,17457.747266069786,361009.61856054864,47410.29999357208,175646.62090874655,1397.3032082759412,16454.788182851236,2525.6358146235075,6461.757959079429,73107.68448404499
1988-10-01,1988,10,924575.9677721853,216288.2870983146,17228.139276714057,368006.6396826416,45593.39787818161,173759.60762628983,1355.1855615111213,18421.006626805778,2351.0211600550333,6495.894010720018,75076.78885095162
1988-11-01,1988,11,940242.7136651753,220712.31760386552,18593.2297313604,375656.3766091993,44083.60315158292,174479.9195360174,1326.3736744666205,18510.22450114705,2460.6243539229176,7123.923446834136,77296.11814860058
1988-12-01,1988,12,947549.710228209,219669.723043127,17192.765734638146,382457.9889070893,44016.68506924216,179766.19617176836,1391.5113261265365,17715.336913006377,2846.417942307693,6943.740300238964,75549.34770567821
1989-01-01,1989,1,937562.3598978063,223200.88050067486,17754.477111811022,375532.3944042182,41365.96065691788,177960.00383948255,1338.7475054555678,17894.908123453315,2820.5269665354326,6740.044026659167,72954.41676259841
1989-02-01,1989,2,953939.8128433003,232933.20075820593,17764.478682834982,378893.1121589478,42271.78567041367,176170.77549218747,1357.8999441321942,18914.7255959982,2895.500229485162,6425.758505339478,76312.57580575539
1989-03-01,1989,3,959300.3426819145,234883.1137335232,17295.607128016083,382235.90262622875,43431.650042560315,174439.55973564563,1312.7601615840033,18602.527374832436,2909.7616063449505,6384.080404714029,77805.37986846514
1989-04-01,1989,4,969699.4468719361,235906.4566721813,17597.984112522277,389552.07030046784,45580.66409430703,176190.28986307926,1289.6079241867199,18822.08137210338,2881.576672905525,5460.945049019607,76417.77646033866
1989-05-01,1989,5,980956.0390928253,228773.95686535037,17740.210574582867,394752.1675174638,49532.51814877641,179935.9215629588,1632.1195766963287,18927.315592213567,2960.6006738598435,6489.7430095105665,80211.48839160177
1989-06-01,1989,6,997091.3365579222,229337.2638992034,19492.953477096704,407690.392555488,47743.60560837575,181444.85585583095,1653.6636633657888,19131.263554270856,2910.8864459504316,6350.950762392123,81335.50073594823
1989-07-01,1989,7,1028816.4493395579,248641.73861198823,17830.718469131094,418006.2933207208,45703.808110736056,185575.1972266986,1574.7300679986934,18807.17053555096,3118.4639363022643,7221.079297854965,82337.24976257622
1989-08-01,1989,8,1009649.8114278188,237951.66648495547,15777.387210134697,408946.6480051597,46195.60548061047,189763.63833326095,1644.0420066804259,18878.288806104716,3212.342979578536,6834.996251466435,80445.1986238866
1989-09-01,1989,9,1012743.9442936368,240141.29149715166,14862.434795840494,410430.35235613695,43968.012994894656,191586.52406104893,1618.0296318787612,18790.5950144024,3281.6541435941517,6034.604426859413,82030.4453718293
1989-10-01,1989,10,1002506.804403212,230784.02320246256,14499.47934898287,412188.1881206103,45322.90739523555,187752.48315910067,1649.5111967344753,18982.48033286938,3309.1067888115635,6286.52247783726,81732.09966605996
1989-11-01,1989,11,1028771.8826052265,245771.98105092987,15721.505903911926,419102.9208246044,44364.60084998931,186199.6810222317,1924.0206414065835,19390.067386383067,3490.9054214942275,7109.011921440785,85697.1848729692
1989-12-01,1989,12,1024804.8477347209,241197.18299536838,14999.329821497016,426903.62053183554,43369.00009470826,182774.07796539605,1866.4138834114137,19956.989168547698,3358.63418616908,7045.840770070272,83333.75561823891
1990-01-01,1990,1,981704.3724318852,213167.10864608813,15482.60238343526,420128.76905662165,43617.34978859131,178707.2243822227,1853.96533097849,20060.069342102488,3346.3946708140024,6538.03514914593,78802.85635517714
1990-02-01,1990,2,985984.83199057,217550.91346207043,15510.983868241827,418674.98240271374,44426.37434372381,176744.94931841994,1907.3541121647108,20186.18361326488,3437.1976908528923,6135.9295339480295,81409.96895814124
1990-03-01,1990,3,1005009.0745931627,239631.5508079854,15943.977208507305,419189.94707129436,43816.37125203549,174330.77186012524,1880.0969966597077,19739.914873121084,3470.5024675365344,5720.554136951983,81285.38527244258
1990-04-01,1990,4,1035608.8737038539,254697.4210011458,16417.97320276041,427449.9082148437,46439.393240416655,175295.2821633333,1887.2432332812496,19502.173657968746,3437.575425416666,6197.435949895832,84284.46761479165
1990-05-01,1990,5,1041751.8920633851,252621.30475682285,16080.837677499998,429567.3057673436,48168.82942312499,176118.31487510414,1826.342013489583,20010.653946406248,3523.225358593749,6402.191872291665,87432.88637270831
1990-06-01,1990,6,1052082.597448027,242870.67550602285,19726.444691588786,435402.18211749743,48537.88301879543,183749.7071365005,1946.9039531152648,20331.255988317756,3678.4242632917967,6655.0883945482865,89184.03237834891
1990-07-01,1990,7,1060161.538119877,244239.3002820697,19247.85246567623,438886.1388655226,47222.52250455943,187423.1848253586,1981.0331293032787,20999.475385399594,3651.753446157787,7354.546397233607,89155.73081859632
1990-08-01,1990,8,1033953.0153195778,228230.37312614775,18036.630438022854,432630.9367671394,47011.22687487248,188175.82384809226,1998.335348959396,21139.10528019792,3703.2482949908185,6435.148704244032,86592.18146378291
1990-09-01,1990,9,1046572.5305022718,236471.9485842589,18509.8469476979,431712.75243396615,48781.08117235461,188411.08191079364,2037.0963826736674,20961.953297354605,3800.2551608441036,6272.421085016155,89614.09096738692
1990-10-01,1990,10,1045400.0662253302,234335.4049436049,18478.34735608487,433912.64321707364,48138.816304043234,188124.59646051843,2191.0224722778225,21102.78983927142,3761.784964421537,6366.78096802442,88987.8822373899
1990-11-01,1990,11,1059148.9240612101,238446.52561666,20169.989370617113,438394.60981722106,48102.25933480265,187964.19948457225,2291.464163143659,21391.971176367464,3784.343874724504,7004.820016830295,91598.73866634944
1990-12-01,1990,12,1062461.6962081834,231839.3858391287,21992.80338868905,443593.1301006195,50650.44862305156,189387.44794594328,2516.8339396982415,20781.806431804558,4145.758314848122,7090.840432104317,90463.24119229618
1991-01-01,1991,1,1056338.5341895989,237867.12801402604,21733.66180081983,441670.56410820805,49678.72574930856,180683.84890650923,2473.3661518668505,21068.09986996246,4109.801348281311,6376.800928881863,90676.53480743775
1991-02-01,1991,2,1084855.194761919,249176.35969307617,22653.424975173097,444747.3002444115,56279.03223461919,185223.89382393673,2796.6490391691395,21224.20981137488,4128.936593818003,6320.775508110782,92304.61033046489
1991-03-01,1991,3,1106167.637829373,251511.7047050878,23391.23859411359,450982.50832833763,61830.87187359496,190364.39738946952,3072.8232012423587,20901.033423190693,4149.756986146717,6505.692600916979,93457.60822742063
1991-04-01,1991,4,1085472.304233028,248353.0204851928,24895.83989059425,450957.50109572994,54899.74401539747,180170.7364662534,3122.960516332152,21033.71659051554,4150.026710448641,6159.852834710743,91728.90812229435
1991-05-01,1991,5,1093639.1051222289,259357.7568364234,25464.235651755935,453294.55249583087,51262.07352202276,177677.83536845204,3338.0616073180304,21439.920906562686,4548.846676083971,5965.625823474593,91290.19623430449
1991-06-01,1991,6,1108250.7906374978,260017.10270671107,29289.27991430249,461711.3111518783,53869.210450939165,174274.09063950306,3673.4448538446495,21382.683542848757,4772.0188048327145,6886.119236597536,92375.52933603994
1991-07-01,1991,7,1088602.6464919806,255155.54672772947,27384.021396376815,463207.9085346377,53462.17341864735,164324.58265120772,3650.8648061835747,21463.64354932367,4757.139670144928,7183.138922318841,88013.62436579709
1991-08-01,1991,8,1086447.8915623315,259525.71378889104,26907.246340825954,458855.78745798033,53073.21521019445,164543.4095846169,3664.6326713034273,21211.409767616482,4801.054251684636,6421.789186513284,87443.63330270504
1991-09-01,1991,9,1102390.3606501338,267643.3174407581,27865.343427678064,461647.47401174344,54444.86452009739,164370.43435535615,3869.1464632423144,21556.6015713672,4792.3004638151615,6621.734372111897,89579.14644457705
1991-10-01,1991,10,1090606.3797498103,257450.840616673,28678.86005570317,464202.0024233726,54497.16058886886,159961.7394917916,4113.255314813057,21608.512813674322,4472.886219443917,6381.337369472386,89239.7872619093
1991-11-01,1991,11,1119771.9897751089,259330.52567187793,33144.98800696418,482742.24053548416,54021.63020456699,158904.94942993176,4158.764345035057,22091.07100397953,4759.9454608205415,6405.532707599014,94212.34240884971
1991-12-01,1991,12,1127563.1990675186,257612.26055653405,33009.3182482481,492132.7045697442,54294.54906079544,150796.8606427083,4466.597641808711,23758.13581429924,5898.988761221589,7020.249699621211,98573.53167163824
1992-01-01,1992,1,1113246.8409532066,267961.18640273117,33306.42359829418,480217.96115263796,52581.4810558352,151587.84860309472,5713.863088273677,33433.24781753356,5967.2846497949295,6300.531450829605,76177.01313418159
1992-02-01,1992,2,1104242.021862361,256524.66359208332,33477.050148194445,476368.2848145833,52397.05726736111,154399.90873768518,8078.552380787037,33589.441274675926,6016.305733425926,5669.167019953703,77721.59558870371
1992-03-01,1992,3,1095555.5812124931,248888.56993241372,33367.37688466507,477207.30352938734,56148.86981278834,153562.12353824507,7501.482602878761,33181.820050055365,6007.991150719691,5959.050333825429,73730.99805614505
1992-04-01,1992,4,1096009.4368816493,247383.51925715737,33948.99211322497,483696.5994523919,57661.244014684155,147608.8239307813,6181.4961211673435,33334.9939377078,6187.560543498338,6067.4662495382345,73938.74126149797
1992-05-01,1992,5,1095895.6560510776,243729.04343330878,34297.566015705605,484346.3908100129,57333.7990877395,147207.74346006816,7466.194713154016,33438.06695182387,6268.522090549005,5707.505839950258,76100.81897789241
1992-06-01,1992,6,1106104.3132757046,247811.32941371843,36995.58006527547,489820.86984236224,55233.09028206191,147498.0249639764,6731.148693707388,34431.064430394326,6116.444279988944,7108.821007508752,74357.94029671088
1992-07-01,1992,7,1103352.7282536281,245741.97026607278,36119.01105166238,496922.28723930026,55449.91380101947,141079.5484214273,7283.08394659258,34543.89459271676,6096.825163896034,6363.011299595886,73753.18247134461
1992-08-01,1992,8,1097780.289699354,251196.92413446488,35967.37543997998,486949.16197902255,59771.30773020568,135282.06503007826,6945.758379368402,33464.92638250819,6055.803920276666,6460.142405851839,75686.8219902166
1992-09-01,1992,9,1136716.4552223324,266247.0865264488,37208.30500117349,491917.6837269362,75933.4967705813,136553.49556160855,6934.681172458925,33065.04692507672,6224.414702202563,6341.579089185772,76290.66803529515
1992-10-01,1992,10,1160464.8093459317,267198.3913093992,39112.04354834927,501132.9517400776,76122.76998899513,145509.60261289013,7162.352315082086,33065.70720395093,6472.3785160562875,5883.402486018402,78805.20962511275
1992-11-01,1992,11,1193029.4845036515,268917.3332551389,41180.95495393076,506629.8703715291,90607.90949395963,149553.79583699966,7149.451568112153,33230.762963306894,6610.56626280202,6590.344263658493,82558.49096272088
1992-12-01,1992,12,1189540.0089963598,266272.91879386123,38604.01479040086,505285.00968847744,93896.17224991012,151738.7719465666,6717.105154592846,33387.45810565342,6531.174170816105,6924.839328015459,80182.54476806578
1993-01-01,1993,1,1155005.357699332,256967.1640260018,39140.636220703476,498746.78234105074,85512.46541264471,141703.66677439894,7178.097369011576,33269.78156682992,6489.344594390026,5965.087043588603,80032.33009305433
1993-02-01,1993,2,1181119.229776304,271220.0773206783,39168.21907584119,497684.46109248704,101635.33194752537,138031.34868955848,7315.468738427986,33262.82155269716,6628.452983087057,5661.327769627915,80511.72060637349
1993-03-01,1993,3,1177467.6203748225,277770.38185965223,38910.94223962029,494936.8522522179,101859.8320306068,130381.2239649574,8508.50144464159,33899.23096309439,6859.221631254436,5801.515987047552,78539.92025097588
1993-04-01,1993,4,1211340.9942285377,288182.9247036743,39377.98043411059,494830.39969581354,121017.03643291823,133783.889663752,8300.863988694578,33870.84060046812,6821.110387343226,5509.052206809752,79646.8916363275
1993-05-01,1993,5,1252182.5019909285,300626.4377160913,39657.00281993131,495052.39633996837,144233.1719959486,131449.47908402327,10179.331997930247,34038.397919940115,7207.175625814692,5923.965633785451,83815.14509049675
1993-06-01,1993,6,1274710.6964878757,302152.9134771569,44602.03000707257,494519.8392993323,161186.10583460727,132110.1386739589,9851.944200404147,34132.181673871026,6977.186526137762,6583.216034923564,82595.13630539448
1993-07-01,1993,7,1316788.5118817193,321973.7566673963,41132.61764266328,502970.0935503414,172404.31941157414,136063.51548861846,10431.34264375766,34691.42578747155,7422.731009936963,6171.133351952372,83527.58076742252
1993-08-01,1993,8,1297805.1391182768,310739.2304544821,39844.81477902523,491128.7982131853,181290.9541906875,131269.11432397735,10264.839991035682,34604.91492001741,7191.9560727589205,6286.736827067014,85183.7771394691
1993-09-01,1993,9,1285969.4392568793,295847.2227117514,39996.18180313257,491496.63895262196,169645.9574603236,147656.60100134127,11578.600752120108,34853.75219695396,7349.752793656974,6049.216533445828,81495.51285756315
1993-10-01,1993,10,1287488.5875541468,287255.0916053198,40398.90696766683,490056.35872452124,174035.5615780306,153253.05847706497,12514.645430893253,34886.54716140712,7667.230238360059,5598.845452103808,81822.34410480251
1993-11-01,1993,11,1317307.5772418662,294756.4805111465,41947.76728589259,491853.26487915305,183206.73474754693,159055.71253924945,12979.599717937685,35804.95772366156,7967.519593733862,6376.723860001722,83358.81638354278
1993-12-01,1993,12,1348201.3407208757,309718.80990453146,39800.19751143567,495431.8400345211,192625.0275245417,164172.54971684943,14021.428057735138,36206.33562874764,8365.156463508652,6646.3872309405515,81213.61081985608
1994-01-01,1994,1,1306036.120485202,288454.0474509414,40827.548182284605,486547.7500388824,186447.88885167913,155042.93282339725,11951.421023956922,35690.77040790367,8306.143729308007,6028.981457767979,86738.6386691401
1994-02-01,1994,2,1311574.4971274585,293179.31536681927,40553.87540331468,484009.64626924385,177399.92898588508,163951.73921193628,13255.521658189216,36034.44852988301,8422.466659418447,5589.180794464226,89178.37209897423
1994-03-01,1994,3,1281537.2521512166,277071.7998208129,41451.357108838936,490321.73370597424,161589.79096970594,160297.06669456649,13500.753747000168,36126.83073854994,8479.027522266351,6131.144309236099,86567.74753426565
1994-04-01,1994,4,1281614.5898686252,284024.3377120435,41898.81386151322,486500.3311860799,153000.57995817208,164519.61898969032,14319.262905361053,36169.95774179432,8427.128282570276,5322.81604043932,87431.74532473492
1994-05-01,1994,5,1285520.6293312197,272386.98610910465,41777.15275134387,486133.97152309766,160025.88313976148,176699.9405664791,13733.564629598523,34433.69013908954,7490.6389770283895,5754.539644590963,87084.26185112548
1994-06-01,1994,6,1343625.4575559658,269353.66302244505,62500.157762586,515315.6015041114,158917.42709875817,179467.31956272025,13195.428831137775,34407.62457656486,7789.808628125525,6622.415889410975,96056.01068010573
1994-07-01,1994,7,1356484.184516675,263022.39031958376,63075.85458692745,522005.7565980859,164498.37356636577,183366.19651145104,13810.333720661985,35047.30603903376,7737.736045093613,6203.094878009027,97717.14437061183
1994-08-01,1994,8,1340895.6827197722,266653.51820993185,62984.0439245142,507236.6736816143,155311.14487742897,186900.45631664174,14439.06247903172,39040.490757183186,8230.061492318551,5914.91344033383,94185.31754077393
1994-09-01,1994,9,1330906.3015330352,255112.4440546034,63478.24101250207,512222.39880940557,148618.35037083953,192247.09315209472,13003.811829317767,38419.03935216923,8216.24060668157,5595.140443161119,93993.5398031131
1994-10-01,1994,10,1326853.7109739387,245664.30478048077,64142.300499463076,513723.7837654056,147394.32936106063,194813.21748492483,13778.655498471831,38170.70369878572,8267.398120849166,5907.269162564018,94991.74860193294
1994-11-01,1994,11,1347793.1096006103,251217.27485959925,65853.85331345869,515414.6301138876,153091.66520818905,200428.79908951843,13421.318273544453,38350.171193179944,8433.559720971467,6382.127873247568,95199.70995501404
1994-12-01,1994,12,1383990.68823202,270812.157145977,63486.95206703614,521500.1526818145,159334.1540127258,205566.78373633008,13656.23605353038,37191.70900710181,8846.269116174057,6555.588717446635,97040.68777545157
1995-01-01,1995,1,1354502.6324562004,255818.79284495368,67392.39464574192,512471.1051802779,160254.61953884285,198096.93924390542,13300.152307614173,37327.857509548194,8894.352274662766,5966.933657443524,94979.48731346498
1995-02-01,1995,2,1361168.7170889943,256131.58302854604,66845.8477197558,511846.11881934345,160601.8790168203,205061.27922404176,12496.442042374254,37822.325056687696,8847.967599021511,5737.696335152839,95777.58029750931
1995-03-01,1995,3,1369929.0410745298,259545.55289966238,67758.46605298281,513709.77752214996,163281.49736549286,204708.66384282042,11966.566625341697,38121.4251649381,9070.633514230585,5426.861842297798,96339.59420622289
1995-04-01,1995,4,1353876.1518041026,256325.84166406747,67782.14630930101,516988.09698056616,150799.78134400988,200506.820568698,11962.263470689379,38305.84562699936,8560.210642714332,5627.880876439539,97017.2643206174
1995-05-01,1995,5,1363518.2057591525,262288.44686107116,66479.03336482814,515468.3661282574,160726.42376490808,195968.45148229416,11557.225775659474,38074.31563952837,8585.169338129495,5713.649357394084,98657.12810039968
1995-06-01,1995,6,1378208.5802503193,250493.99527683278,70728.46984147899,523972.1733807299,162215.47517042005,205808.55276265772,11665.100401293723,39134.39674724485,10179.715735026353,6275.469083093755,97735.2298268248
1995-07-01,1995,7,1405322.2306020043,262108.6168108432,67282.04901553018,532083.8432659693,167581.72382218143,210154.02176664805,11723.8519420313,39664.30169941712,10230.908543795913,6579.891177778665,97913.01850902267
1995-08-01,1995,8,1369860.5999960983,241684.4454210862,65507.96669107342,522404.7368055423,160831.95221898393,215039.3685189919,12703.108918299095,39576.121013099226,10279.093853081702,6208.21572742475,95625.5867906912
1995-09-01,1995,9,1391330.6293472794,240565.1866251983,63822.08120792354,525713.1516717164,175591.8397416323,221471.49352569797,11819.39227958439,40154.38786734613,10347.716921518084,5718.185517488896,96127.19600007932
1995-10-01,1995,10,1392573.2333305099,243756.80815551776,64042.02175498734,526044.8829421311,178128.6833224747,216347.05340227205,10812.464915927803,39989.12098028816,10337.466130026916,6061.037976844523,97053.69174295441
1995-11-01,1995,11,1420212.9954049273,259002.95555101073,67063.88339829438,529867.9216547693,181937.4747631475,216807.04982489732,11144.464860865444,40052.678114300375,10241.402580424827,6521.939625315856,97573.22302988786
1995-12-01,1995,12,1440955.9939856366,270238.92180953873,66478.74069974814,534968.5536101448,189419.2609722572,215558.66360117265,12358.007458169368,40287.87880658744,10349.252406815676,6741.9118895797255,94554.80073622697
1996-01-01,1996,1,1447486.349388689,278767.200240887,71591.4656854662,529314.2989920604,192733.26916160824,210126.29571522996,13918.305976611387,41010.59914244367,10432.072800453692,5855.666889392991,93737.17280131414
1996-02-01,1996,2,1430102.5794964111,271522.6594788969,70751.65155613201,527050.6071672648,181336.95678456078,214823.1763969418,13739.019717233577,40950.02654801841,10538.687248361679,5711.34366270089,93678.45291426119
1996-03-01,1996,3,1435105.4460876868,277876.9911351446,69495.55765706624,529879.0681492538,179120.3469703436,215095.24879800223,13492.86899521922,41643.35040209111,10641.35706611474,5714.669833916357,92145.98905142258
1996-04-01,1996,4,1426168.1071496985,272957.6566415816,69734.62731729283,529927.4894752628,175800.77113663423,208959.0391884663,15499.178997564935,42376.85043375077,10597.568968112246,5899.39059342146,94415.53439761132
1996-05-01,1996,5,1415396.8142618241,269301.1800214528,68660.48868818364,529943.1906478585,170775.9615611616,208285.7812704899,15750.247664882145,44977.46248817594,8487.862384879065,5630.1077327453395,93584.53375496842
1996-06-01,1996,6,1434493.4180856594,270591.0090352352,73261.15497081728,541175.7803666539,169047.27808835777,211995.27630674635,14507.816128912878,45879.77961033154,8529.93779529684,6402.831924363918,93102.55190416347
1996-07-01,1996,7,1452264.9281514473,284028.29746223433,71680.38225604405,540984.1147407992,173360.15869417923,214021.31257660917,13898.94174237758,46044.51711733908,8537.498314328612,6350.641815060055,93359.061480405
1996-08-01,1996,8,1410342.0216861947,265337.6479859874,73127.80630382369,536659.9639508598,158668.3739609183,210275.65291861177,14087.462812730342,46021.78065648034,9135.437983223279,5926.651212876228,91101.24195400797
1996-09-01,1996,9,1446395.2120645682,278809.5926685815,69846.294232307,542839.9163432139,174012.39956855087,214682.8759835708,12728.012384574144,45841.80200195313,9057.293195082722,6069.520318512562,92507.50148441331
1996-10-01,1996,10,1452535.967048187,276753.95210597373,69402.61543800673,547210.3422577635,178443.42877933304,213991.70997823923,12565.137586622302,46786.45181195503,9081.713292450666,5988.44860708276,92312.16525152975
1996-11-01,1996,11,1474328.0745565922,277170.1876718798,73651.11672028908,551373.3488504895,188324.61718923986,216512.1677160829,12665.29865624044,46198.95341882074,9315.520789423372,6344.833588903334,92772.02995522332
1996-12-01,1996,12,1466399.6576305476,270168.6978500839,72202.67710431601,560721.8474979793,175258.2147302501,220529.37522403538,12464.253488981241,44808.220354316,9544.863890041177,7145.06250922678,93556.44498131768
1997-01-01,1997,1,1471861.563596259,275398.4669647582,71134.42405949665,568057.7748517336,168753.07527885493,219163.58853512772,15218.737173091544,45453.43171251521,9779.486112872566,6109.227707458941,92793.35120034976
1997-02-01,1997,2,1462008.6669192666,271234.5692728276,69789.34399258105,569463.9757514078,165825.55835698525,214916.57465123272,15085.974922424291,45645.36915260235,10141.61028241516,5906.516653553494,93999.1719540405
1997-03-01,1997,3,1469510.4904879467,265115.0269988213,69489.1697155133,575992.4293374525,165712.54476847907,217187.6343530418,15502.585557224333,46407.67107939163,10787.048567756654,6977.979216235741,96338.40475007604
1997-04-01,1997,4,1465803.4298295956,259764.57891812376,71161.4401496503,580894.4500527596,159507.68073977498,218012.76895012925,14280.344419226092,47392.308389577316,11481.224731298465,6238.283221453551,97070.35025760224
1997-05-01,1997,5,1479643.5141031197,259989.28441232728,70209.0992624108,584812.9243116366,164835.10282233945,222394.95141384544,13826.885527364504,48625.18204520267,11509.911646880217,5952.489495331713,97487.68701480188
1997-06-01,1997,6,1515741.402879328,272179.72753423936,74672.37085256608,592960.9134916492,167887.77421819014,225891.93189508055,15267.896178105077,49492.70170122231,11921.141787579718,6901.194982842395,98565.74638824783
1997-07-01,1997,7,1528486.2547148813,277436.9093509244,71337.15908649038,608104.5657968633,173553.3693375133,214936.115447189,14654.33068404304,49313.76005273527,12229.671244999245,7011.598983596,99908.77473052737
1997-08-01,1997,8,1499851.9025229327,277053.1636541943,66338.18631661133,606119.2678088789,160619.37614853648,209354.29806446136,15825.981373038623,49468.97229960017,11815.06953119342,6294.151733026553,96963.43368078605
1997-09-01,1997,9,1512993.9623014266,284972.4415876877,66350.37978506007,606776.6892190691,170545.97850893394,205335.68384966216,15485.213536111112,49157.88592267268,11860.845057394896,6344.205162950451,96164.64157530031
1997-10-01,1997,10,1507039.1185128416,278157.60291983327,65682.63234559928,614776.7706869931,162982.79278011413,205396.42797803393,15821.282763480023,50620.49041559027,12256.029649444277,6006.224348528087,95338.86652921297
1997-11-01,1997,11,1528351.1338517838,278232.8815213611,67562.21088978414,626696.9685361265,165044.6796360366,207448.49389851597,17243.0080835332,50153.82927222306,12871.25858589417,6627.773933855495,96470.03329500825
1997-12-01,1997,12,1536074.701332187,293026.93859362387,65912.10684594109,630553.9242092988,161290.73630404394,201015.90132344147,16803.383677866645,50560.158926072654,13413.934566975631,7422.183112834504,96075.43377208851
1998-01-01,1998,1,1568023.4019372857,295082.0924058166,61323.30451935123,646076.7801786354,171438.78075193884,206988.24844149887,17059.315172147653,51868.42663016405,13981.23011442953,6330.328430574198,97874.893402088
1998-02-01,1998,2,1600367.3813192928,302021.09177104203,61270.00001222156,652411.6355679474,181397.53055591267,214717.01573161158,18714.02707658095,51518.973412131854,13918.004522835998,6089.6366593287485,98309.46600968007
1998-03-01,1998,3,1567952.7707638596,276987.6902905334,58587.74259425433,651352.5612283697,175142.76414035415,214703.0933190003,19685.651575612672,52095.73303728332,14191.292014345487,6367.172363045427,98839.06830674685
1998-04-01,1998,4,1550046.798432069,269347.810539052,58101.484886868384,655788.3498081309,168136.73868329855,209931.3334404531,18918.773008235206,53019.355216164855,14196.372808168131,6480.421110895812,96126.1589308019
1998-05-01,1998,5,1552049.0739106503,264733.21222752304,57974.723430894606,663056.2199508781,164326.09111796663,210840.31738240545,18225.262332725513,54421.146226295015,14126.24144726853,6467.848433239058,97878.01513541974
1998-06-01,1998,6,1596560.5322231853,271862.1821805266,58398.46813664089,680064.4531949941,174124.5094573416,212424.795731144,20910.108653153824,57009.434282728354,15173.439872805715,7286.174221734603,99306.96649211545
1998-07-01,1998,7,1611583.0768341855,275842.931010375,58708.45675274196,690013.2296581814,179845.9766550689,208107.39195979695,21193.88010804802,56473.83526193123,16416.22027263969,7064.3974802875355,97916.75955398695
1998-08-01,1998,8,1588448.4151886916,279392.9521995935,56710.28155698447,682142.05068592,172473.23635938653,199011.96470062822,21612.8880838507,55782.03988957871,17490.911181781223,6911.963739320028,96920.13053939393
1998-09-01,1998,9,1591253.9515434634,255542.38489612253,55273.558572673544,696924.9567154725,181042.43027090098,200646.3612848227,23171.659056019198,52115.0086822378,17567.189236484486,6729.6090903249615,102240.7937384047
1998-10-01,1998,10,1607606.9515535077,265455.52662407677,55619.862291321995,706356.5111451623,168367.5284174667,211196.00131953467,23536.947939844897,53666.210337296885,16352.694794350069,6599.98791720827,100455.67702226734
1998-11-01,1998,11,1634730.3506003474,282325.5410053223,53421.75487440864,725445.2467320373,166728.05881338703,203667.39613642078,24804.93819511384,53689.34974704317,15887.515515782081,7231.019483700474,101529.52447468214
1998-12-01,1998,12,1629213.200094722,277659.8719317042,55401.13156258293,729143.704298946,159817.75333300163,199089.49317241635,26193.187511609907,56272.54365494619,16482.952130325815,8531.820923337757,100620.7415758514
1999-01-01,1999,1,1645325.2736421851,266352.18485384836,54735.8435746548,733537.9638904228,166384.55212624848,207542.0118571533,29423.20412136456,55489.78806720034,16318.913596871324,7000.262230023499,108540.54932439773
1999-02-01,1999,2,1641476.9474590425,256899.6945466088,54235.02028996622,738510.2491481575,152925.70564907513,214707.97941581026,33410.506957905156,56922.70529851731,16798.599356576626,6796.12254227833,110270.36239320313
1999-03-01,1999,3,1644335.142893854,263355.0382733119,52690.63531014323,736631.8872785005,162181.6519557878,205381.14784573225,35769.01016935838,56645.41075328852,17194.34386915376,7866.134592407191,106619.88099338644
1999-04-01,1999,4,1606611.8008410512,248020.90357812727,52823.4615922528,742806.6177832385,131291.15033278725,201972.45875094653,39357.616671945536,57409.82925495121,17590.94096523227,6731.485318770932,108607.3384388379
1999-05-01,1999,5,1631514.5036487184,251410.16108264163,52914.139029270416,753765.9459871122,135941.1768053007,203260.04328185524,42581.997046781704,60165.144035241,17818.232674421142,7284.24293865589,106373.4226134775
1999-06-01,1999,6,1668316.1135027297,248215.85673871744,54157.18909925025,784173.0972286724,138472.36460299898,203120.46400924443,43954.32097983695,64305.24213226088,17952.671615482603,7759.70830277333,106205.19325698793
1999-07-01,1999,7,1664883.8775927078,247747.97908883006,52883.34142610176,785395.0811295302,138039.98108912003,201187.30363706872,42696.91856465642,64649.669955603065,19814.89781280806,7691.528931973035,104777.17595701653
1999-08-01,1999,8,1643696.9999414694,243602.4150562933,51198.34665809036,777608.1959581409,133338.14606932015,200444.97593591225,43325.29078143043,63464.87717447316,21021.008432448038,7640.314552612586,102053.42932274827
1999-09-01,1999,9,1675680.0176643133,246953.05643491572,50502.97390923498,791851.7459272799,144505.95518747298,202496.0959836479,42361.262276725254,62488.68305427892,21164.487047939776,7568.817868390721,105786.93632171156
1999-10-01,1999,10,1689175.367980218,242225.72197438026,51266.319112568475,806513.6765459789,141162.12320402137,203491.3313164457,43306.06924308158,62295.11353833959,21811.47937936005,7295.873424618047,109807.65658712888
1999-11-01,1999,11,1727579.7672144605,254862.53297190648,51192.683684352516,808165.7200256474,160079.53660971223,202739.98140316547,43151.77920751799,62747.0597752518,22787.156714244604,7993.07756147482,113860.23561320144
1999-12-01,1999,12,1745099.874449112,264599.4638796376,52166.6839086807,813771.7162348875,152163.69891125913,205816.71677632144,40777.38761674545,67552.63025418993,23388.28052102134,12300.61679064604,112562.68137161582
2000-01-01,2000,1,1722362.632828705,237320.4286189677,51773.256935501144,823442.9366375642,148497.36802584236,204146.90506978155,41694.30133181039,68796.89781321387,23642.23105643204,7822.799981867503,115225.50554779412
2000-02-01,2000,2,1710725.9449321358,232675.84344625036,52000.13513362561,822357.0928667665,142160.97837510693,203520.76794061877,40971.80543427431,68092.97285329341,24552.18987261192,7454.1205790561735,116940.03481583264
2000-03-01,2000,3,1744826.068036531,236011.3319008805,51770.615688298785,835148.4465770734,156245.63677573844,201338.1974491977,41685.57700124255,69848.02842161318,28848.598065712868,7308.203980225789,116621.43577687448
2000-04-01,2000,4,1759563.6228772101,238214.37224748978,54496.93949607553,856386.177300382,148401.96676035924,194124.92259234906,38347.84283541933,70488.91509227833,30869.230835277904,8027.792618264745,120205.46309931412
2000-05-01,2000,5,1757217.269594875,231869.50895284483,53331.470255012,853627.3261819498,153997.81941518426,201406.53416973742,38265.742600345904,70041.50285694622,32228.688739693636,7729.6800804390805,114718.9999222081
2000-06-01,2000,6,1773236.4310609514,218360.30392690736,51003.834737999714,872243.9302178349,152660.0937831503,202577.82155500422,36822.82525154842,71816.40475724943,40109.402954075165,7971.270308136261,119670.54178459317
2000-07-01,2000,7,1773429.9543602562,220400.67154869178,51217.511009514485,878117.9847280328,140170.2497960683,199147.4642964181,37145.00418577725,76643.09838512664,41981.11424898559,8644.505875996922,119962.34496449561
2000-08-01,2000,8,1760857.9762848685,216134.30068486137,49443.021870245226,864464.798484743,147681.7158998537,196215.35537992895,37412.09196352933,77532.63682942037,43466.111758603874,8414.733742510798,120093.20613856765
2000-09-01,2000,9,1802064.2805924823,216234.0876798569,49096.8783477974,886027.76741266,160575.75806017235,198763.4703478322,39375.94444191218,76095.60416860064,44351.23762889106,7959.228553397724,123584.30395136189
2000-10-01,2000,10,1807232.2681369216,209098.30644053232,48965.87105593292,892867.0048042696,159052.59031677988,194473.29073696982,42762.20980815083,77441.88442829916,44822.90742445246,8320.543190081786,129427.65817420988
2000-11-01,2000,11,1827192.9058602394,211570.7488610689,48820.58320948562,907710.0526220963,152564.84050248895,197965.23235508852,44138.645056208516,78864.68404231196,51439.74489705476,8512.04848803927,125606.32757926578
2000-12-01,2000,12,1880996.405526698,226448.45010069586,50329.637415977675,919938.2322712898,164182.32409501172,198568.7936703872,43608.813061113404,84154.48172343943,47370.82946486151,9408.891024114648,136985.9526998071
2001-01-01,2001,1,1892103.6537618805,223029.71943715573,49894.29285905649,915582.1852720733,181853.63788867087,196250.4569833334,46988.55301880167,86634.45306019287,47894.235215840235,8005.353656129479,135970.76811673556
2001-02-01,2001,2,1881704.8832051756,222048.5548315829,49804.61693317545,913054.8297435475,173991.29840345276,197773.7637637287,49289.9067722062,86041.74551867106,47743.01434500274,7729.023524848984,134228.13459002608
2001-03-01,2001,3,1924719.7104460963,231525.79095898272,50303.57465043067,919275.02674207,195824.32614287664,198869.90406446537,53305.394039444895,84985.43636618128,49046.69759307492,7472.654677741317,134110.90694404565
2001-04-01,2001,4,1919556.1672999866,218064.1361663493,50373.23869096844,929433.7254493335,186866.11989615072,203137.9044655876,53010.36823381393,85001.2814210419,51749.18506783868,8206.874842831883,133713.33306607048
2001-05-01,2001,5,1917782.0573823173,214265.580510332,49049.513219783206,929211.6908166667,183185.49783289296,199919.52755623308,57627.23610728321,85559.92567550813,51577.84462892954,8334.684854878049,139050.55789752712
2001-06-01,2001,6,1941005.2771757932,210491.48312434164,50808.61258244429,952275.5255330857,177843.97804486833,201432.00479071573,63528.91547869682,85866.23061627278,48288.16824918974,8354.409653241053,142115.95081485482
2001-07-01,2001,7,1922993.1837104606,213046.2802278728,51129.248658359145,951452.2621513875,164001.37924824865,203640.17442203284,63791.04033244644,86010.7599532534,46306.11159925232,8897.290468577394,134718.6332334972
2001-08-01,2001,8,1895550.9895640372,208650.3370639699,48070.92426864668,941627.3664355933,160633.32433325495,203452.67875682033,60774.10276249832,85397.92385344711,47002.14868572773,8281.948551034808,131660.23826031448
2001-09-01,2001,9,1944862.3351544687,214721.0627510416,48264.62135265456,964612.7982014447,171490.6650725806,206421.26738410612,61434.62812520159,84194.59627274863,48510.39354714381,8241.156878864245,136971.147272547
2001-10-01,2001,10,1966702.4856025972,224018.3372656755,48925.47484913214,970982.2246600849,168411.45101369082,207058.93012903663,65896.26240503903,86061.42380250944,47616.559474872185,8686.470025766956,139045.3485653929
2001-11-01,2001,11,2004329.644004174,232587.54879759662,49000.24552908308,988248.8330671202,165001.67038185004,214153.8730536556,70177.83257089,86420.71091194292,48442.569233034876,8545.245777702976,141751.11297445133
2001-12-01,2001,12,2032195.0103278772,248187.5305274349,53177.231572645556,996606.8744891332,163994.0280637577,212340.3209580762,69724.711710055,89194.27795965252,47750.40401244298,10587.92805966595,140631.7029750134
2002-01-01,2002,1,2026777.4959982869,226101.19644380626,53730.564122094576,996735.9412376058,157720.11762656184,211796.4863887545,76200.05325335886,90371.13881586725,48610.01892990057,28745.846329604996,136766.13114755473
2002-02-01,2002,2,2005917.5425785906,220615.03378996643,53968.01821731543,1002689.6021981542,154013.89571315434,208356.09926050334,77070.96119013423,89756.86397379194,48298.71017127517,17494.308064328856,133654.04659681206
2002-03-01,2002,3,2030200.417076854,225395.10275522567,53169.35109293037,1015360.8025860738,162887.5776139329,213199.78402413128,77813.56406131008,89116.97359902144,47789.46733763813,14835.854870123818,130631.94251198243
2002-04-01,2002,4,2022035.8439078224,226359.00030234465,52539.234136181534,1013020.3613989558,170524.21912672403,208724.19903664786,75168.14372057666,87872.56843291082,47076.660542558784,11995.22607329568,128756.23446791673
2002-05-01,2002,5,2038781.8271610392,227218.2760394582,52358.10313761288,1019957.3176057781,173253.2451106858,212511.0544432339,77988.63185005235,87479.36667366838,48937.666799306375,10676.385062884441,128401.7754612289
2002-06-01,2002,6,2054465.2680041227,222942.97781402958,54195.37084413035,1038644.6455087359,165043.19052764692,215650.13528412514,75803.93392785631,92507.96679040702,48644.417620337656,11094.283143534878,129938.34654331894
2002-07-01,2002,7,2071950.3963593503,217162.4305263574,53504.194719886655,1059035.7358925936,167607.69163639957,212000.70618216263,80983.21047110569,91669.65391964285,48966.972388211645,10750.532204928833,130269.2684180614
2002-08-01,2002,8,2049989.5773744087,220085.93421701711,49384.22861284494,1057818.8848648819,156676.9090096912,207168.23101632722,80501.37375019712,91015.14870049278,48958.43473758213,9886.5756695795,128493.85346419187
2002-09-01,2002,9,2076376.915596262,225682.2068727088,48924.94736315135,1066449.742514238,169221.00632083006,208388.93239476954,77732.31569851401,87749.73316663393,48686.658320928254,9518.275830878501,134023.09379421966
2002-10-01,2002,10,2093919.1219634106,230788.5885071947,47572.36543563651,1072992.5234426367,181807.01677560282,207616.00880366866,74631.10194526186,90086.24419847032,47966.92393852087,9609.127687581022,130849.226158867
2002-11-01,2002,11,2103816.309988416,228316.2138500194,46438.26933697903,1079587.0690883058,184197.0497663733,209817.9740608012,73406.55691994565,87988.3996255501,47167.97824553456,9426.195682435931,137470.60177168006
2002-12-01,2002,12,2106541.1115202853,228279.53222510323,50546.105681662804,1083005.8425891383,179280.09143127583,212100.4015922343,72710.88794104748,90549.10131246776,46907.129469911,11404.298324722653,131757.72422329723
2003-01-01,2003,1,2115024.0084056347,229368.92723154143,50412.41991670984,1101697.6964752267,169044.55813189768,214571.70671661268,71882.18736975388,91252.581572636,46854.60464177461,9573.941378497408,130365.38661305052
2003-02-01,2003,2,2141014.803132239,236429.45794903697,49737.271230416234,1108637.284331987,177230.6839509113,217619.55012968587,75774.49475681878,88853.11706812306,46505.666795630816,8989.837868601344,131237.43577368793
2003-03-01,2003,3,2147265.0413884786,234240.28675641847,50192.79098815789,1111191.279400738,173955.1819668485,223157.42733218867,83211.23824268291,88264.76197872272,45360.40249698331,8861.033604204107,128830.64024884466
2003-04-01,2003,4,2190996.1753481156,244372.59603918885,50415.224896759195,1124805.399491723,183161.45986969947,223393.49814344835,89780.68712667134,91251.04645791417,45465.65864437158,9861.999780943588,128488.6032831402
2003-05-01,2003,5,2180996.034947362,238034.45142738338,49206.35780875605,1141325.322190097,175316.88192782947,216489.44232659953,86818.48348352664,89206.71952510833,44929.213310859035,9081.836325579914,130587.32985301428
2003-06-01,2003,6,2206100.0403358485,235452.509843141,51290.47119472041,1158783.4290469366,170909.9602189848,225361.6150097758,87738.25557572283,94971.22225152845,43043.356445580175,9827.264935772511,128721.95581368613
2003-07-01,2003,7,2230339.7080345745,215251.25886980904,52491.339489714184,1187874.332312292,174661.86681004873,222757.34257350684,95703.52057808897,98517.76232770445,43784.28076861703,10472.191358497823,128825.81457110359
2003-08-01,2003,8,2239671.974322978,219312.9990243047,50825.730912764746,1187116.2932220276,180006.51179994902,223441.06184613425,99422.68441965427,97047.77827695204,43695.98901113167,9736.971564844349,129065.95424521563
2003-09-01,2003,9,2238654.080151507,226690.4265098588,50014.39888595598,1184134.5885809693,165754.29230508205,229781.8634915405,104355.07856758045,93854.84478310647,43466.87766861722,9668.883456589492,130932.8259022071
2003-10-01,2003,10,2258300.388009477,238958.98804760553,49353.817005496596,1197410.848629612,165547.15031636975,227986.35109268388,100641.51435118147,95551.0976319813,43440.32296803134,9222.156221916857,130188.14334641144
2003-11-01,2003,11,2277850.6162574934,234338.70604162465,48000.612862216614,1217255.5355123424,163139.52891964733,231300.4754360831,102494.51412188285,95402.03055711585,43234.36880232997,9181.059552235516,133503.7828554471
2003-12-01,2003,12,2307005.6277515716,240474.9556403558,51759.42209540425,1214480.5739488872,179046.21297334338,234084.70686291336,105610.97975245191,106710.6372067773,33159.00518433296,11453.5368715579,130225.59880950583
2004-01-01,2004,1,2343292.9937260067,243409.01337430364,53792.68916010383,1234385.7260953407,187253.90158419855,229108.09049309953,108544.59483220437,109968.63781631427,34137.609783141306,9745.83981634591,132946.89398107116
2004-02-01,2004,2,2354455.878899538,227473.99423316668,52867.62135514492,1254959.2394317808,197825.1842288951,223066.93918304646,113909.21945342363,108411.55476885838,34545.56208274269,9318.231123338817,132078.33624803822
2004-03-01,2004,3,2370168.8229265017,234355.33696722597,52470.94522479888,1261987.8922345713,188324.3560117207,226739.05283383606,117904.19236946957,109437.7119466126,40747.06585982277,9518.921543583458,128683.34793486046
2004-04-01,2004,4,2382669.5049977982,224723.287315468,54081.62315384375,1269046.5426152197,198126.39697603838,222001.70933490383,119857.01297706134,114251.46415464969,40647.17916946682,9483.653505052693,130450.63422427152
2004-05-01,2004,5,2376643.5088449405,215769.1226602983,53559.13593553557,1282992.4968714104,187789.98382484904,224534.49918273144,119604.96280993467,111442.7905219093,41211.97987301245,9613.19218735363,130125.34497790584
2004-06-01,2004,6,2439175.120124292,226860.02603365734,55074.538180962336,1305452.1549265934,197843.17148704772,231193.4043826298,119223.71677325865,120490.30911703172,39984.58801175239,10441.060211327835,132612.14944000734
2004-07-01,2004,7,2484517.251167411,247151.5992716394,55713.43277610367,1336195.8158674045,199217.91186520338,228552.24148890126,116226.37993849207,116278.6778203125,40585.31467283606,10525.82590218874,134070.0515643291
2004-08-01,2004,8,2441661.8656329014,233052.88862435185,53808.1524782716,1326768.0660778088,194070.63660978398,225994.0047150926,115375.3899345679,112596.44914067902,40888.42361145062,10296.657321851852,128811.20024910495
2004-09-01,2004,9,2481387.5062363194,238102.99572719986,53166.787883442186,1345243.3411375706,206669.1036822467,229621.87033087868,114437.2342931353,112802.8990634089,36681.555662866645,10377.150991465365,134284.56433944413
2004-10-01,2004,10,2496646.07305294,254309.26830361068,52654.10117327397,1355228.4088620702,193588.3208243779,217250.61433889365,111025.47535679434,114290.76987875091,36216.856221090515,9708.872011527203,152373.3876288729
2004-11-01,2004,11,2508084.723312302,244001.30038001947,52044.69638144925,1370330.8957537112,192264.56665091868,220183.07389057556,111134.70559214528,114676.20667899732,55708.062715745924,10303.959496866633,137437.25885699075
2004-12-01,2004,12,2555828.6720001525,261638.6301942144,52278.92935249696,1390246.9821295678,185040.48313206458,227577.9662631547,113680.08197436054,120071.64219406214,56356.25544394032,11700.529077527406,137237.17532688795
2005-01-01,2005,1,2594993.3566470332,250575.28329762927,53043.0427138865,1421252.7596029358,204667.58157001596,221872.53954458912,110761.5405259796,124819.97063278465,57325.20557514433,10602.70694807149,140072.7277931458
2005-02-01,2005,2,2622673.387004778,254886.85688271868,53804.08285423302,1436866.8001238971,211682.53592302743,226355.38014867675,111390.85696538836,119521.61755917665,57560.421940455766,10101.027610940944,140503.80699626316
2005-03-01,2005,3,2670222.937214598,271313.7944084721,55612.749703719455,1454118.7574934058,217749.10641333417,230543.2954771484,114943.87200784002,114537.64588537742,57680.517618177946,11075.855370183543,142647.34283693935
2005-04-01,2005,4,2670305.612584452,273316.0133716597,52457.87564436789,1458907.095985141,220783.25299775318,224633.8693579389,107174.1055665069,123974.94489478732,58110.736969233076,10116.929087387658,140830.78719059317
2005-05-01,2005,5,2683870.92581028,254176.40321971057,51877.104506907075,1473533.16474701,229040.97182382495,225207.4519700096,112030.65607280827,125995.85117186939,58750.632124237534,10280.409107403422,142978.28106649924
2005-06-01,2005,6,2895762.8108425606,280493.3907680468,53930.78479960625,1567661.759434495,226005.51415729034,223861.1831319055,131020.20551801694,132198.56093312256,53257.654063536575,11270.036115588833,216063.72192095217
2005-07-01,2005,7,2963852.351164696,278382.0616305979,56292.87922367632,1613116.154407732,230663.31968732743,224919.87678649896,145966.35035991715,130337.73335763597,54200.0648405871,10932.746385100252,219041.16448562255
2005-08-01,2005,8,2893554.8003412625,258083.81368856085,53948.53861869472,1604931.861905959,204533.98658680974,221087.16581825246,145264.98447549608,126513.34222397204,54382.61199491992,10481.78876921468,214326.70625938324
2005-09-01,2005,9,2946631.3262620894,271797.2733454913,54186.00654707736,1627053.908887698,221281.63699702988,220691.72307276947,144190.36676375198,127383.88644828922,54867.56748503031,9950.158341659739,215228.79837329223
2005-10-01,2005,10,2971280.2166890474,281344.76894985867,54818.01953311338,1648514.47972054,226719.98993365548,217701.8760639878,148631.42355317585,128965.11604442613,54663.30074048434,10189.879680385342,199731.36246942024
2005-11-01,2005,11,3028897.9603126254,274530.84220390633,53473.19542228498,1676882.267936934,232774.6404716732,226349.112256089,174643.05190575364,126138.97393743384,56050.832578332745,10481.971874073422,197573.07172614426
2005-12-01,2005,12,3077279.1305496064,288663.00654552656,55317.59366006222,1708294.655317189,229732.1968021897,223396.2404611952,176320.57043991427,129158.52229141715,55541.43645790771,11387.397861688387,199467.51071251614
2006-01-01,2006,1,3085208.537310039,272852.9740819382,55738.18417000708,1740621.6161447773,234296.98120826457,210647.87637340842,176850.1737988682,133843.24875713277,57640.15699056826,10456.519315078991,192260.8064699953
2006-02-01,2006,2,3141354.3897563936,273530.84923040896,55704.13421747586,1765781.1544515677,262327.5331499824,209292.97518960646,178165.71749578722,134254.80742352112,58318.521946176064,10057.229427439313,193921.46722442852
2006-03-01,2006,3,3156679.8064615903,274002.5562886438,54899.59698405687,1796624.4712246666,255392.35451137958,211938.9475474198,176703.99954022348,132701.1727971273,57716.12726720103,9754.54403855605,186946.0362623157
2006-04-01,2006,4,3176222.1806338117,280106.7946196204,55042.62109218877,1812642.0746493307,261996.25745912656,203877.9426406484,166144.65359051575,136862.02220635745,58818.47013568709,10404.938033719856,190326.40620661704
2006-05-01,2006,5,3151979.4356562137,263978.9761543745,53443.24835904805,1834209.3023576108,266337.91849514254,204046.34235907675,137300.6404321683,127838.22774111862,61173.051888135196,10126.465686680844,193525.2621828581
2006-06-01,2006,6,3216052.565774337,274165.03322356794,53896.38793241305,1881243.0461685513,269134.76173829066,199151.3728645391,134184.9602415337,131055.1767548215,61665.53012036506,10400.732746756974,201155.56398349788
2006-07-01,2006,7,3297475.9684683904,284298.6016834008,55702.87936226907,1937746.1924997985,272300.3769228927,202796.7955797056,133363.21302500003,133376.51629336033,64756.684476010414,10734.752410536954,202399.9562154158
2006-08-01,2006,8,3266332.165784257,270937.51003702317,51775.515470583145,1941457.5323997634,271279.16576189926,198796.55098063845,127629.85940368213,132755.00938322576,65746.85865875302,10667.214116918289,195286.94957177018
2006-09-01,2006,9,3367295.114662328,285095.58144808374,52916.79765597944,1989973.7003427793,285939.1816263996,199544.92076165872,123147.29793832965,140692.32088828925,66072.37995024817,9988.184435876716,213924.7496146831
2006-10-01,2006,10,3409802.9854279715,280991.4719706541,51736.623765463315,2021952.0048359963,296904.0913909519,192104.79284893075,122699.1420819441,152465.70907754652,65936.5556719648,10614.702740773739,214397.89104374568
2006-11-01,2006,11,3463644.056452723,284423.7520060493,51848.65327669151,2061126.7051186638,302337.59888735664,193600.62565762614,123362.56856267201,149827.95764446672,69178.04528652522,10752.06608735665,217186.08392531535
2006-12-01,2006,12,3509157.0163328294,293039.6688167601,55064.18628470953,2095343.4434443626,294847.4670216149,195096.56122704144,123309.95993046665,150039.2352491995,69855.32945905766,12108.599927464551,220452.56497215238
2007-01-01,2007,1,3534460.4627153715,273719.9489184514,54246.58505751296,2134654.401327893,303273.13139643066,194541.38878736328,125531.63875279218,153724.1001994243,71935.13816180197,10703.612767789293,212130.51734591252
2007-02-01,2007,2,3580847.1320772925,280676.3812110805,55236.65905218042,2153941.2679548096,316951.2054555575,191606.29468720514,126098.56550788172,147278.17956843285,73211.39642633183,10261.762758399494,225585.41945541362
2007-03-01,2007,3,3623652.4342673584,276279.5634711945,54919.11908167753,2178660.758863909,341782.4037034944,188645.79582356976,126375.68318351035,150198.26983130642,74452.76180795365,10370.493496402878,221967.5850043394
2007-04-01,2007,4,3605326.234657524,285470.07497899304,54925.594795364945,2182810.809051954,317298.44422161527,183721.43191070625,120611.74273648344,149836.40776652962,75600.8814255463,10608.315059303897,224442.53271102725
2007-05-01,2007,5,3650902.541789261,273120.5887182375,54989.639625926764,2210579.974237952,319410.661269153,193973.63901331162,122146.60817184341,153173.37103878343,78585.92021144126,10452.025944085599,234470.11355852618
2007-06-01,2007,6,3755302.808229118,288125.75734939455,55706.13229142842,2262336.685401699,334383.54216027586,195974.22322418433,122134.88767188026,155304.0411026741,79431.27468794148,10437.848904333447,251468.41543530667
2007-07-01,2007,7,3800041.4465661,278966.8097855489,54289.49622518071,2314338.9603189235,344654.9206159363,195389.28911336686,119407.52556161057,155156.41156412355,79003.84691780551,10860.590083521573,247973.59638008245
2007-08-01,2007,8,3797818.8835420986,266347.2207909147,53038.28520902887,2320528.88799656,352712.3957867133,200290.8369931198,120823.0493584762,150539.8292298669,79794.95244718587,10392.511461623055,243350.91426861042
2007-09-01,2007,9,3882994.9184901067,288219.56850635185,53478.39835328836,2342403.9734109608,363963.3706553119,215505.1732709106,119062.92621349072,146170.89411410905,90632.56450272624,10203.384248201237,253354.66521475549
2007-10-01,2007,10,3899194.200807797,275868.61112924526,52801.81394347947,2338340.552273918,357132.98735246947,226802.34979697558,117510.27869062153,147709.92575202553,114720.2596772475,10726.521354744727,257580.90083706993
2007-11-01,2007,11,3939420.8150043525,273274.46262146,52647.32360986226,2350676.4819337465,376672.27830969694,241618.41637746556,114957.13147826445,144194.42728140493,114560.48539975205,10189.788167493112,260630.0198252066
2007-12-01,2007,12,3946206.5250531663,319699.06744779437,53910.962664408,2353584.260848376,345485.12798216834,244906.17289468343,112511.36856013388,141342.74111286076,113762.72500924504,11881.962428097226,249122.13610539888
2008-01-01,2008,1,3936497.74344857,255617.00780681314,53410.95105496356,2379282.392888582,394285.09663159784,240183.78838761593,104918.7350252871,139322.13829400396,113350.94489269544,10698.42669765901,245428.2617693518
2008-02-01,2008,2,3998268.477136699,257364.70053786793,55173.51891183442,2389802.9031734373,411816.2157235145,241620.71228152903,122418.6508434296,135857.18254098223,112988.89292721309,9964.564158885458,261261.13603800573
2008-03-01,2008,3,3953939.7762763626,269459.2269247896,55152.10772085017,2389182.654823707,348706.7222732487,246325.6861449841,121267.35864348155,135925.31940389023,109496.95124669433,10675.823852639052,267747.9252420773
2008-04-01,2008,4,3951607.747767568,263469.19749340543,55755.56022743244,2375553.9035115135,366932.9950773784,247384.0175151081,118350.26545272976,147153.51615418922,109712.65965391892,10497.398771945947,256798.233909946
2008-05-01,2008,5,3962448.202787102,263676.96223128756,56534.09030734535,2374239.4512707526,373555.958698561,252048.4700049667,117981.35919939325,138689.2468928533,110810.13315960587,9871.266244335266,265041.26477800147
2008-06-01,2008,6,4023837.140866565,278143.93922320096,58047.20910516763,2390906.607452034,382089.411485773,264180.608730568,118402.94561029255,131218.10715046446,107385.77654588406,10347.427640935299,283115.1079222454
2008-07-01,2008,7,4070609.443054018,283048.8608357741,56382.25626113078,2407180.1911420985,388780.019781649,269761.95809076284,119658.81353451885,134071.7179561206,128518.29504103638,10866.496227792084,272340.8341831349
2008-08-01,2008,8,4091703.3338291044,286029.6018104236,55885.44896763788,2413365.4237366677,405835.123663262,263705.65969992476,119707.8968395065,130092.52252470164,129083.46085719278,10562.785746451993,277435.4099833351
2008-09-01,2008,9,4115626.5538933487,303386.0160545489,57169.741837912676,2426236.4891303903,389962.7710555705,259987.30079820412,117867.64309111195,129788.3304000699,128283.85687278202,10168.859702683085,292775.5449500753
2008-10-01,2008,10,4159949.6112352386,327613.093233362,57387.963795145224,2429646.3758250996,385227.6680298468,267774.8961182082,117310.03722240384,128056.4052617351,110232.6379933555,10352.250313658775,326348.28344242316
2008-11-01,2008,11,4214393.13318047,305676.3897485739,58723.417313932834,2449194.6905696103,375668.42269013025,298240.6892901733,115821.38220221181,128036.41661473468,109937.68651805511,10107.548943332256,362986.4892897159
2008-12-01,2008,12,4246047.399156155,327816.23503375164,65397.11657980853,2461720.2818973386,339260.5221615913,318258.8116560742,112849.0620632302,126150.73853753787,109253.40285701535,12351.696407832109,372989.5319619754
2009-01-01,2009,1,4311641.756497618,318116.6764940307,66283.03796818183,2485075.3202176346,365546.6560876506,330722.27563127055,114537.52698882805,126057.32708253013,113957.38309225084,10399.482246029575,380946.0706892114
2009-02-01,2009,2,4295751.019278118,288048.22169844486,67262.13578671559,2482069.5336741596,355019.00742476183,345980.4138704414,114458.17166695872,127354.32343122331,112835.23390663673,9677.229088270726,393046.748730506
2009-03-01,2009,3,4308743.569188826,298348.04585283186,68751.83385884539,2482053.7717334353,332180.69072307565,359632.479758993,118677.87897436037,128447.538062459,112680.34444185982,10013.914529685107,397957.0726393232
2009-04-01,2009,4,4275891.149087602,279890.775879778,69124.97800901462,2453951.177129372,329425.7523463184,380241.50609534385,122261.0148946941,133605.0630402274,112535.3971951543,10073.716999214945,384781.76749848406
2009-05-01,2009,5,4264938.392504171,283205.4977320461,71326.85023090879,2458193.9442871534,314667.8798914645,389336.2346404625,125593.72247817375,132041.12823859946,112369.34017368936,9744.614429484402,368459.17902905657
2009-06-01,2009,6,4314468.100033461,317848.4430478322,78727.11698061367,2453414.81076456,321874.46919777285,400454.4568537802,134706.4076576251,131018.1269329163,111812.91904330242,10465.700304492018,354145.65061777394
2009-07-01,2009,7,4312269.146051887,304486.85722476343,80117.82394207548,2462110.7422216632,310458.31112169585,399159.12632473075,134171.32874099858,137445.33212746112,114057.09517997388,10333.193587566626,359929.33558095834
2009-08-01,2009,8,4245485.355369323,270980.1359653388,79807.91082663958,2437839.9223107863,314467.2451925475,398521.35332831985,131235.48890262874,133821.51841915993,114226.74782300816,10073.605153252034,354511.4288218158
2009-09-01,2009,9,4262870.165341411,262198.705289498,80516.71028121265,2454769.7076147725,315894.5903673259,414152.6237134087,132501.6445916549,133866.35740619907,114809.21303656416,9893.111739188309,344267.50130158645
2009-10-01,2009,10,4211327.336183973,255927.03529984353,81160.05331694357,2421922.624642059,308655.8039170892,411626.077733736,130197.74320862551,135880.63490840435,114177.95001113928,9770.5301836498,342008.8843301327
2009-11-01,2009,11,4198261.515444549,259011.60493714456,81356.63502953644,2409000.341677272,292698.7505997157,421000.8474327181,127284.26358520228,135754.51588638802,114235.2423688164,9684.012684864256,348235.3012428909
2009-12-01,2009,12,4248940.707587019,293423.96605323604,83306.65928528497,2417157.8825801224,314362.08613408287,424404.2111781958,127267.5071032253,134970.042994553,115134.74029711819,11588.405364226684,327325.20523636905
2010-01-01,2010,1,4285611.519798194,290189.2542810636,87800.11613634392,2414674.9188354653,332541.5118249485,424109.3757775669,123255.90142838555,139255.0443863439,117502.01902957281,9843.938267564783,346439.44120541034
2010-02-01,2010,2,4281827.269796378,289590.9429119149,90034.20392785381,2422700.161524927,321012.4301455415,424987.7780160205,120263.96651268059,133734.18991454874,111565.12338530466,9335.475653171501,358602.9978044152
2010-03-01,2010,3,4268617.187903827,287942.4070624528,88917.82705768195,2416434.339539919,310911.39330288407,428797.00871285715,123953.90251301888,134398.15587927224,108070.24638555256,11642.964112722371,357548.94333746633
2010-04-01,2010,4,4244967.9791497225,304574.76671599643,89719.3532806166,2380107.2225172287,304172.6741079582,426965.585646389,114990.02842137829,138759.75418391294,107263.88061745254,9385.878411910604,369028.8365992106
2010-05-01,2010,5,4286104.795070835,301162.9705714742,91871.91814978712,2381418.36070479,312309.8992869079,431123.35057315056,110842.70623352847,131638.07466420968,108358.19006849387,9373.309038424693,408006.01443076105
2010-06-01,2010,6,4275217.260118026,267773.7435468866,96071.69211138561,2408787.289252577,311703.010253294,429408.057797232,107217.43123655827,129023.0428363617,107492.24905985018,9860.004706699607,407880.7379701679
2010-07-01,2010,7,4254000.205353159,277572.4411913492,97597.52701000641,2399755.6433897163,311918.34108362684,420339.151139129,101612.40893014197,132844.0714954371,107139.821017718,10136.464064040987,395084.3360319938
2010-08-01,2010,8,4284552.691597465,282410.83344048756,97194.00534139785,2375838.0701152985,312336.5725098211,415726.6919955286,101855.75227972957,131603.8602959917,107544.29842332055,9769.05606432982,450273.55248115613
2010-09-01,2010,9,4232858.141029233,254288.76017541764,98635.22376063945,2397651.580842484,289588.6791092936,418302.1944333175,98844.93974470692,130956.74169818602,106720.36022951914,10028.9897724492,427840.6712632196
2010-10-01,2010,10,4197521.740506563,266624.79687269375,99962.1719844755,2358876.889742225,305515.748078756,414880.65111992625,92263.60777132315,136070.88863945706,102439.50697509227,9517.579605034265,411369.90105408547
2010-11-01,2010,11,4153467.006640532,247104.46634342568,97244.19463251025,2364594.4539772994,292385.03576336906,412993.59054272843,92015.57026766805,131593.88844219883,102132.57513368987,9629.018445737654,403774.2130919052
2010-12-01,2010,12,4121108.4929608386,248965.73515489834,98417.55320164147,2354732.779757191,294860.5972558624,414740.1365898905,84404.680357556,135920.63140369984,102141.94800088587,10414.287687232933,376510.14355198015
2011-01-01,2011,1,4119083.7526255385,240246.45740152232,99897.59851419948,2349991.328094016,314732.85906889767,415380.21181745414,83059.78817475066,138324.12837732284,102593.16133992127,9480.726385879265,365377.4947824672
2011-02-01,2011,2,4108568.203189369,249813.3696509647,102863.92006262453,2334340.5560181406,312865.01325857197,418143.2048733093,84322.09894327358,137642.3703481703,101839.35899520291,9101.521026842824,357636.7900122681
2011-03-01,2011,3,4089433.0055849813,248418.36921097,104915.52470342422,2326466.4927962115,302108.7990473043,416666.6400504527,88043.34966795899,138758.91914040383,106388.73246378018,9159.222351035596,348506.9561534398
2011-04-01,2011,4,4033797.920641344,243789.82923093133,104266.28308431845,2284093.528531712,290895.46202929685,406512.192751105,83316.27398781865,145707.65260508325,110700.53903739205,9558.309896715666,354957.85079009045
2011-05-01,2011,5,4101979.9792453214,257073.91583074548,102825.79628640102,2283372.1650432134,310625.4911947815,413562.1363723393,83051.1182285347,170836.67865688945,110784.70052678663,9040.818251979434,360807.1588536504
2011-06-01,2011,6,4163200.185018613,268850.0491516837,108199.9226264288,2295642.613794125,298915.141143806,416163.01412691793,82702.58309095356,202499.9187652662,116060.27650767172,9534.213568684996,364632.45224307483
2011-07-01,2011,7,4185265.8287533387,272007.43436931877,109569.35133466196,2281727.119766021,293867.07297740446,415716.75124883524,81870.63946037374,204306.52718982293,117449.88401110364,9543.303874132933,399207.7458340925
2011-08-01,2011,8,4177244.593430488,266570.8988042601,108154.96765962671,2265287.486962749,293466.44266471924,406228.8682442095,80881.83596665288,203235.9394141764,116401.63068653706,9392.087544850583,427624.435482706
2011-09-01,2011,9,4191535.260862816,245140.99224773078,109198.51562702423,2260372.824586952,294824.62352142856,401009.9024783393,78844.67126263537,212777.95950033522,115865.71728442496,8973.657539685406,464526.3968142599
2011-10-01,2011,10,4141734.1945411935,248852.06765397606,107456.77099012383,2229887.7716711955,291220.28827064787,395915.16895294754,78285.63094675571,214575.62375470783,115101.08606683042,9188.466737769932,451251.31949623895
2011-11-01,2011,11,4117949.3513310063,235011.73832680154,106750.56934466414,2225748.3757934202,288032.2781502395,395986.27950132504,75743.66652831006,208442.3944499796,115059.47283941493,9067.640124503108,458106.93627234735
2011-12-01,2011,12,4194471.797014558,257128.9444443907,107098.97196943397,2213284.0739534763,292895.53960177646,437442.33569357626,75288.9875490176,207010.7932258984,116315.58995818488,9661.008861116767,478345.55304820323
2012-01-01,2012,1,4268092.673394622,251593.31988340197,110136.72618270715,2216959.5687081576,290630.9415558415,477538.39064958825,79573.91574055585,217103.04612279977,119098.27241845084,9228.003300102933,496230.48883301596
2012-02-01,2012,2,4283771.742311979,245913.2412581748,110090.88798642672,2209963.7532460922,302040.29293534707,493659.3033253727,85734.18723524422,218425.70783393315,119260.538517018,8868.006449640103,489815.8222212082
2012-03-01,2012,3,4327079.852402896,292539.2169636401,110779.18697004904,2195249.816791058,314639.09332317946,507332.559302676,86704.74398508837,215748.70007708613,118009.73146307835,8872.54031751098,477204.26450426417
2012-04-01,2012,4,4206728.399993201,243515.4298496928,108390.20399078363,2142678.1624643686,309103.68301860895,492266.54514904815,83340.42502845488,212739.1142207897,117389.12466571816,8719.225194072322,488586.486411664
2012-05-01,2012,5,4290031.457651073,257678.0416733407,117525.56489708996,2137034.7461068183,316686.9792688874,483410.19256616896,80797.03708513213,213892.636680351,116943.9803110248,8681.761872377445,557380.5171898829
2012-06-01,2012,6,4304893.558444569,253986.0117332239,136164.3731417383,2145765.4106978783,334095.15949391114,485756.59367683186,78322.27945747854,211833.71181071253,116427.35751346643,8758.659312481053,533784.0028879738
2012-07-01,2012,7,4276393.428663493,259840.9280673623,136453.80570228933,2116636.3285581954,321230.9958869784,474036.89737001125,75783.36302826177,213140.05458313922,117115.74974164306,9094.873420608796,553060.4323050041
2012-08-01,2012,8,4198383.737775433,256489.11305466862,133345.6415274728,2081495.6621724667,305301.7459105308,460563.3111272915,75395.15832466257,213563.71076017324,117455.61631353242,8737.156257755842,546036.623603747
2012-09-01,2012,9,4174885.7202401496,260740.35468730674,130844.21508411472,2065568.7783570327,295466.2204388778,469568.19786887785,75793.36515498754,211819.22361446387,115306.08677730674,8353.372547930176,541425.905709252
2012-10-01,2012,10,4098579.5433605975,261116.6819540105,129628.74691306497,2029263.6210158735,295005.73574735434,462915.79399532685,68440.21733597072,209090.2856635595,114116.07090228463,8497.903432103649,520504.48765480664
2012-11-01,2012,11,4097187.758506585,271514.2607814666,127779.61131828083,2031344.19066731,291293.7669414983,459361.25725606555,56999.76481174489,206114.69286279462,114227.65086561693,8340.327331055654,530212.236926124
2012-12-01,2012,12,4085145.0287582385,287971.44970937655,121549.21528184068,1929109.0671744435,283865.62162399804,510148.4066650668,103883.48609811976,209485.0149277338,113114.99276526472,9325.644551360712,516692.1287065314
2013-01-01,2013,1,4045221.443869412,256802.8033641239,123554.59956896552,1928016.6997048417,289685.41987622797,521168.5486621893,104363.71808881316,214042.65157342624,114067.6939703288,8333.778809542904,485185.5302509523
2013-02-01,2013,2,4041957.9278411632,255658.0860553637,123090.52068765635,1893290.2861196336,288488.4253030371,544076.2621454768,106163.56454660762,212899.48695626936,114299.82313561992,7991.86567477234,495999.6072167267
2013-03-01,2013,3,4052393.31950344,243054.07823439525,122837.9817900339,1888259.5993597568,289482.2914825506,561060.8723344052,106839.46319062219,213506.24247676734,114167.19981488683,9141.523081762887,504044.06773825904
2013-04-01,2013,4,4008645.291577464,239170.4388418935,121872.43079227101,1852672.0878396584,283704.8035955693,554989.952410913,102888.87173095072,215816.0205060352,114806.07585540434,8218.37253904232,514506.2387250894
2013-05-01,2013,5,3923304.078034457,206106.20000805653,111125.2993041894,1832942.9611994796,282734.76044799207,555681.9398614527,102068.13664087755,230681.02074050572,114069.72808953891,7850.323493406049,480043.70824895886
2013-06-01,2013,6,3907574.8117097486,209668.7127148728,112662.26266254084,1833219.0481141699,275105.0468275077,571347.263173433,101594.5925361422,232159.35971336273,112603.69153354294,8041.27336768492,451173.56106649176
2013-07-01,2013,7,3826732.0921105314,206012.04706850307,112672.0883085747,1811543.4489281382,232091.51717375836,563738.9965263264,99564.80070112972,235016.73622282775,112331.53329324676,8253.224142530109,445507.6984837515
2013-08-01,2013,8,3785365.7351026395,198120.3878281824,108971.81194138805,1803338.8818083392,227767.90263681914,557059.0147391111,100523.72212322651,233663.98873469594,111710.08049858618,8131.330800997122,436078.6127335549
2013-09-01,2013,9,3790594.124765085,197030.3035088718,110165.8845469682,1798047.3993297715,235114.23689888173,554008.8864670726,98789.40870427436,234333.69058986084,112385.66537939863,7938.315682231611,442780.33239763917
2013-10-01,2013,10,3717907.327957355,187554.21300933074,110247.59890082663,1776133.4398373675,229851.05470648943,537756.6216514948,93210.74719055042,237241.58113149685,109728.70429549053,8151.4828248688245,428031.8831544401
2013-11-01,2013,11,3690115.2717365646,203726.71795329484,95586.90304979254,1777318.4967228067,223223.57322964832,519023.53402336495,95857.65473446454,232651.7914479352,109722.16060309228,7791.377021487849,425213.0629506768
2013-12-01,2013,12,3596408.4861311563,206536.63945767938,95881.59402077779,1742266.4069711033,218171.81507373406,487488.631817935,93557.31547443489,236139.64857689265,114216.54275039482,9109.379163211921,393040.51407627575
2014-01-01,2014,1,3678754.01064971,171401.95883168268,110151.16840103542,1778315.1664437777,220913.87331680174,519525.9302980943,102778.42969832933,239106.67469012606,115555.90380717287,7898.603163990597,413106.30326688173
2014-02-01,2014,2,3635706.0890284227,144263.924468725,109032.33599349481,1772666.1233760258,212919.81071584768,512799.6715166383,104128.90134545136,236923.46774241893,118591.84373488792,7760.001719600681,416620.01095271215
2014-03-01,2014,3,3626524.9412901937,154362.50739097764,109685.5338025015,1756891.087579888,219335.79828887057,510230.26921522367,107004.36826403036,242695.69769432792,119748.34782654284,7589.978098861593,398981.35312896944
2014-04-01,2014,4,3578473.9214436305,153703.60496956352,109611.28744662477,1722425.032564189,212790.1638295061,502588.738133599,108960.75171946452,239937.78344068598,120391.70455901713,8350.90034563991,399713.95443534106
2014-05-01,2014,5,3592831.755560886,152892.20052998516,109246.60440997033,1708046.705778674,225944.17593901535,506265.15119802085,112602.12696269175,235917.23296432462,120557.41797530926,7849.826223330035,413510.31483406737
2014-06-01,2014,6,3567024.3958207853,143147.44622081518,113020.7673360457,1716927.930979076,234424.1948841512,504518.72756054613,106803.91380861693,214176.96076793133,120127.9142331569,7929.781186288088,405946.7588441581
2014-07-01,2014,7,3573621.5045981975,149370.69090856888,113913.8667356187,1711694.2169356586,235329.06386909517,498751.33636744734,108024.43327267053,216408.55555852395,122050.44625599221,8495.903917157695,409582.9920434935
2014-08-01,2014,8,3557329.9094301024,143142.66305628678,113159.98658624987,1694592.6159940672,215085.6133400389,505755.5263169807,114703.22447758997,215496.86510953237,122213.64837650812,8347.059062693188,424832.70584614616
2014-09-01,2014,9,3557518.201930157,135091.50159834226,113403.14233071983,1685976.2020068695,229391.58312631916,506232.3916951164,116800.1225972471,212401.0287507467,123266.58149014336,8140.744056874751,426814.90427777776
2014-10-01,2014,10,3523999.4589432166,138978.42748880188,114429.00855301754,1671056.5478413187,220950.64335895845,496972.3398752849,117082.58988056188,208136.31839882073,123268.02481000395,7933.54003641859,425192.01870002976
2014-11-01,2014,11,3554780.696422724,142265.81622468762,115025.98841957557,1679988.1580518892,235039.84928785698,489668.7193072193,118631.80975312376,202100.35153292344,128770.52329787286,7820.645855687228,435468.8346918881
2014-12-01,2014,12,3514246.839390524,143542.7273651621,119745.67303985037,1679512.8104988032,207202.8684505736,491156.1606424938,102980.39107506235,198461.10177937656,131632.55719246884,9615.409081271822,430397.14026546135
2015-01-01,2015,1,3546212.486946726,133529.33165533762,124539.40568397711,1694097.8439122317,219961.30875613345,480081.89066235814,111077.36931903896,174096.04459790656,134848.40121223644,8337.972953517845,465642.91819398827
2015-02-01,2015,2,3529119.678609874,138823.74719948907,120335.59485089537,1685314.7060238516,222989.30507378085,472490.91823434335,113535.41754527518,175810.48289705583,135167.46673894676,7921.366841789761,456730.67320444656
2015-03-01,2015,3,3555272.1209432245,151317.94375414698,120599.4486762089,1688504.7766312207,225135.52561619083,468961.57777035795,116365.97492517845,176250.9457484669,134364.81760922892,9177.53879169599,464593.5714205288
2015-04-01,2015,4,3448370.7448551897,148738.22207941528,118322.77167606335,1644928.9228296643,208804.02249514396,446688.7367853372,114631.56700107083,177652.86347619284,134421.77443296145,8729.41158494372,445452.4524943969
2015-05-01,2015,5,3414038.365743358,157511.52056577776,116143.67846810252,1633514.943162635,203313.05063480223,442184.39004656987,113536.73191337861,173237.419158967,133846.34700356895,8125.738939897889,432624.5471063994
2015-06-01,2015,6,3398795.7510411064,157006.9395648853,116906.60286167687,1638957.1877009342,210646.2558370081,439503.69709279214,112163.6796980176,171343.57047547953,135353.42492273086,8271.153223625666,408643.2396639559
2015-07-01,2015,7,3409817.045995234,155339.02714640717,116274.9666764471,1637322.9686916915,217682.08049378742,428152.05427784426,114952.19335915668,177032.3926505988,139335.9257795908,8845.956338747505,414879.4805809631
2015-08-01,2015,8,3383060.386582433,151961.55372471717,114197.07501889957,1627311.6900295136,219944.5014839792,426317.73162886756,110838.01552042658,174358.51372386605,136797.15369350158,8784.53840890658,412549.61461907986
2015-09-01,2015,9,3416581.140488575,160541.09445334473,115664.84812422158,1641896.3690571266,223660.99463296006,433063.21880958724,108580.6916199528,172878.90182379974,136231.51768549118,9371.99155991362,414691.51272217766
2015-10-01,2015,10,3392437.5304405433,159550.45730586327,114055.42589453592,1623484.664030015,218951.0674488523,427235.60495696106,111153.89367465068,172803.57054680638,138050.99041030437,8361.670329840319,418790.1845775698
2015-11-01,2015,11,3405724.1556649264,166377.77653985185,110804.36937512431,1624875.3043217734,228828.44790175022,418803.444938221,111605.8662224294,170650.77288474544,140713.27637987272,8278.515281772077,424786.38181938644
2015-12-01,2015,12,3344594.079080857,171467.2666918071,108358.05992505235,1611494.1396794657,227599.61353331007,409264.1896611648,94316.8885784881,168654.17234845916,141743.08701675478,10060.831143512516,401635.8305028424
2016-01-01,2016,1,3425407.836728141,181166.64983471434,114141.74053853191,1633246.4849823606,220732.76748800327,424900.9639116003,97431.12393157788,171896.42326286092,143585.1111607869,8493.685417547784,429812.8862001576
2016-02-01,2016,2,3439181.1315623657,180458.27661208037,113306.5337285736,1631989.0851943167,223071.22412034485,426474.8166039179,102501.71714524027,171818.9596067748,144056.0738967197,8290.043505662687,437214.40114873473
2016-03-01,2016,3,3381954.560358172,169959.6830172851,116324.9513634682,1597686.4719237888,229832.59785168292,426302.266994627,99780.82232289133,171281.0645645783,142622.09814661904,9089.558749188973,419075.04542404204
2016-04-01,2016,4,3352671.2504272885,176550.66956007754,120314.97937229439,1580702.592680988,218636.1101698883,423068.1076556177,97725.57241160779,171669.76091442668,141521.85484755362,8589.379358854325,413892.2234559801
2016-05-01,2016,5,3320622.24064176,169706.83571740767,118033.47438434965,1563448.5717809906,227060.63260503658,414449.2637497998,97400.16802227897,170834.95730544708,142749.73382369583,8815.751113672775,408122.8521390808
2016-06-01,2016,6,3352082.454729169,164647.63039260442,119873.4315204575,1575000.1301450217,237877.83652907907,410855.1631242899,93541.04332201237,170003.03101759197,140651.23378007577,8919.049466859364,430713.9054311772
2016-07-01,2016,7,3332183.9181896844,159345.3818220131,114813.18729126509,1572914.9160509792,230039.1924371737,402741.03861197294,92794.05818938254,172311.68482886546,142470.85588165163,9061.757094503015,435691.84470911155
2016-08-01,2016,8,3295306.617222727,173694.01299801967,111256.5360536699,1559694.680917377,219274.70842279153,396653.1470543217,92325.59138511482,171975.96191193722,142372.9351599569,8942.760091672517,419116.28322786523
2016-09-01,2016,9,3294556.8030264187,165753.77573120114,111802.70592924103,1558609.958532936,230488.3202516042,387455.89317635854,95154.85659396934,170185.53270636156,142448.3220051133,8587.466089607982,424069.9720100261
2016-10-01,2016,10,3213764.943292155,165779.4843666733,109527.53217030136,1531721.7840238158,214611.56187757733,371953.4728200833,90580.58491328808,169008.73563516058,140630.22229069192,8629.457548696471,411322.1076458664
2016-11-01,2016,11,3195649.5557428133,152911.24585598576,105705.23388924831,1539650.192315315,222919.43291394212,366109.36327548395,91333.70483998419,159942.81644900728,141077.2367798301,8450.746779583169,407549.58264443395
2016-12-01,2016,12,3163127.3923591664,176026.26097785743,104394.67934799685,1521746.222541732,229627.27188560483,349164.087622987,89320.47261306952,161262.89601988412,141275.2872884181,9297.680381554399,381012.5336800618
2017-01-01,2017,1,3150711.22824573,167152.48635219192,114349.80354174071,1514111.2853506124,224304.65621201124,347364.79010769655,96273.74184165185,162450.80769621345,141720.20851172492,8494.047075261651,374489.4015566252
2017-02-01,2017,2,3155140.041862985,159669.70692486622,104884.2113238704,1515650.9549615784,232787.73503433412,353001.768547389,94765.48301042904,162758.7012943173,143945.5978661068,8416.81433224336,379259.06856785074
2017-03-01,2017,3,3170712.735402081,166945.81335200692,104980.66831543607,1524768.3963905599,244170.94609947965,346378.5734678642,97697.31886954905,162601.1003966551,146188.94436214073,8315.85377242319,368665.12037596625
2017-04-01,2017,4,3120818.198723274,164936.31818913808,102657.64803533914,1504978.9142883574,231186.37880102085,335424.45058643364,94277.13161212817,166815.46251585352,138827.6350601256,8909.56136463139,372804.69827024627
2017-05-01,2017,5,3119347.7329049367,187824.2905778242,101054.12101441553,1503979.4513301817,223326.44920019648,334251.999023723,94990.22504764244,163880.76520972495,137143.94537485266,8668.568363212182,364227.91776316304
2017-06-01,2017,6,3152899.317553535,209830.43133291608,103190.04067960237,1504808.5071984536,232899.15655760924,334265.74663279334,92419.3399251841,172287.0544136966,138686.23884850272,9096.199784364262,355416.6021804124
2017-07-01,2017,7,3183792.0709860106,218518.48031527436,100061.27234169548,1506165.805840954,242133.71527958478,335835.23196334654,89621.25623697479,183581.87867246664,138317.6760630005,9129.02584683638,360427.72842587746
2017-08-01,2017,8,3161913.7034273557,228035.30398912184,97877.83590966946,1490741.3119246177,227832.4372146522,337410.1378849285,87448.7643668969,182483.81876373952,137539.0476714356,9220.127356413419,363324.9183458806
2017-09-01,2017,9,3173035.165840475,233733.98892430062,96512.79783737195,1493857.1684924401,230485.4406238426,337198.4807080871,90995.47715450158,181350.77343922382,138532.98372426617,10838.028119951734,359530.02681648935
2017-10-01,2017,10,3167289.126375146,249634.00423592134,95565.26601529864,1484685.3559427094,235692.55603276886,324727.85317748383,88182.55867387271,179827.3411748243,138041.21116396642,11928.58048841011,359004.39946989063
2017-11-01,2017,11,3154777.6869126586,252151.26863327014,92977.07050714076,1485708.4063114491,233071.68963205573,317295.18530919065,90848.44183199745,178682.20644748854,139656.84204099872,9138.283956985328,355248.2922420819
2017-12-01,2017,12,3139131.2729233033,264434.55755132565,91520.21335607459,1476232.9833333255,236399.08592417696,304662.4748831456,87507.983201078,178982.67745892008,139143.00944862582,9937.190693454406,350311.09707317664
2018-01-01,2018,1,3136079.3995473934,247080.0103496466,95884.0285408649,1472617.0664769537,239022.76960303358,311574.55527915765,94089.52294431083,172854.39835185546,141816.98266095622,8982.382145984684,352157.68319462985
2018-02-01,2018,2,3111107.125532157,233052.35973598037,93358.77049166666,1461502.7722203676,240048.14477688723,317644.14221982844,99961.05057029412,173821.03082235294,141750.03648568626,8804.239010539215,341164.5791985539
2018-03-01,2018,3,3128623.071842147,264954.24793049844,92325.63920074422,1453510.9052961469,250200.69199686646,310610.747311227,100307.47067415786,167152.01066490402,138737.45043008227,10219.527361413044,340604.3809761066
2018-04-01,2018,4,3072879.990641584,264796.7607241647,91586.4825354021,1436303.7965766562,236310.07440617715,291643.0637723388,100894.55736395203,166932.42802136755,138224.6188482663,9170.29150859557,337017.916884664
2018-05-01,2018,5,3075954.6393235154,264912.28611839446,90416.2305670902,1422765.0183351382,245672.49748058044,298534.3082600587,96899.75551378862,163714.27041048225,135870.44855837905,8984.607820868227,348185.2162587352
2018-06-01,2018,6,3071673.7255871263,245836.58351915324,92185.35764319317,1429029.8099336599,257293.57483292534,297997.8888553908,96571.1212544163,161730.5144342838,135602.65803276212,8770.183603782643,346656.03347755864
2018-07-01,2018,7,3072242.620673443,250368.31058707213,89299.57577385903,1425291.2117769532,255964.85669000194,294973.44731265714,98347.03427202186,163735.7099771321,136951.04265536164,9375.727732111776,347935.7038962725
2018-08-01,2018,8,3061167.821460775,262907.0631341605,86826.67393586463,1412441.8656758473,249307.31183086318,294299.0596191223,97712.82840844357,162630.6328435599,135225.98279685236,9627.836791662643,350188.566424399
2018-09-01,2018,9,3031857.1878083223,229728.97316853696,85588.8053847043,1412959.0997790892,270589.73313554714,295016.8840860625,98738.9591016182,152644.31826740995,135881.5008179301,9216.363559477944,341492.55050794646
2018-10-01,2018,10,2993934.3481849353,221704.59176286028,81829.08303490646,1401674.1297636474,259531.88188981678,286233.9253116053,98681.86154342433,148824.70382386906,134220.92933424795,9615.02693202424,351618.2147885331
2018-11-01,2018,11,3011844.0653828825,228560.78264298683,81183.98789590101,1414506.3807880995,256468.85488859162,285320.10470803076,101979.10252875979,148514.66205575195,135994.1972700172,9242.329425138543,350073.6631796054
2018-12-01,2018,12,3012961.773460121,239672.85159710623,79985.43058494097,1399476.8013386123,279200.6687709233,284206.6953237355,99666.08435159325,153582.06265992418,132909.18279520588,10530.199901094156,333731.7961369853
2019-01-01,2019,1,3054413.567332466,253038.17270554637,84297.98056895295,1407140.4058516915,269544.3438392718,291320.1805449883,95182.67612371185,156557.03061138926,136548.94980891503,9322.758753232549,351461.06852476666
2019-02-01,2019,2,3033493.1078916937,234706.9034738386,81678.6115961352,1400037.437892251,270839.48666038696,297270.3038645621,97412.16849638734,156160.88757184075,138648.21132608378,9174.11393681505,347564.98307339253
2019-03-01,2019,3,3091399.366844792,224436.5205263552,83131.20872837956,1402501.8421127403,317803.0834607933,303776.2442742294,99120.85199284955,154867.82474637646,138888.40348197892,8723.883585636293,358149.50393545267
2019-04-01,2019,4,3038137.9228853197,231435.95510666788,81738.82053056537,1386588.7543333252,299384.4399109585,288460.54862881463,99941.13094822058,153671.3326896106,140577.74160731366,9892.660165933223,346446.53896390984
2019-05-01,2019,5,3045841.4297692645,221205.9043704049,83878.01194039437,1388990.3149176694,300353.3388512604,288567.6071424378,102184.6042964528,151460.7716683138,136377.01755865084,9239.112679652442,363584.74634402763
2019-06-01,2019,6,3080047.0164092584,202269.84370330276,86623.09019924003,1404235.8631672882,328827.2000031068,283525.1258311586,108065.20994849919,154455.72749517256,135946.31890280568,9607.298142409903,366491.3390162747
2019-07-01,2019,7,3078914.9414444505,208354.1155360957,84587.37395082245,1400706.4314075129,317513.29396479425,278907.3407526213,106953.65805105331,156491.00837384575,140221.66059527706,9770.82089404579,375409.23791838216
2019-08-01,2019,8,3112134.2017262275,210785.18743436,82627.621402334,1394560.3852343604,327261.21862815216,275357.5700308952,106738.53514249281,156313.50258758425,139647.92718363815,9733.259893840233,409108.9941885708
2019-09-01,2019,9,3099221.2737469687,206668.83807372476,81181.7947515881,1390083.1303873437,328067.0939007219,278242.94352177583,106391.68144915786,156268.59468217037,142316.49774723293,9463.24999920597,400537.44923404726
2019-10-01,2019,10,3066166.393569679,225762.36260425605,82136.03453324278,1372819.8167046518,316636.8599704032,267928.97534949007,106580.6933632161,155953.04945286436,142413.38869407112,9803.321916356877,386131.8909811267
2019-11-01,2019,11,3091649.135100176,219570.4427123656,79774.54649488535,1386068.2406387858,336267.00126860314,266972.10891978303,108118.33488343326,154499.8080000238,142320.99287510704,9371.317292820439,388686.3420143687
2019-12-01,2019,12,3039706.418589015,215121.60455682786,77001.58662163126,1370877.5540984904,340229.21204659075,265203.3803899628,106101.5750791353,158554.7469912627,143287.24400445193,11245.781414412912,352083.73338624893
2020-01-01,2020,1,3081682.8667585095,219406.3486473218,86838.32673136839,1379071.8607781758,354262.56721403496,255152.83928572453,108667.38669153283,159583.71702680542,146883.53106962205,9774.97865705837,362041.31065686594
2020-02-01,2020,2,3110785.801842399,230674.33461894677,81273.40611437373,1376136.240504525,361722.4790890295,255599.7859156638,111408.25963124578,158328.32984439682,144541.0260027438,9354.914268268027,381747.02585320594
2020-03-01,2020,3,3228196.291254446,232234.74226162172,85038.30862774234,1395356.5369232146,405718.43424954097,277244.9747382816,111422.47116089205,158590.83609517253,134398.40730943752,10869.349535179279,417322.2303533633
2020-04-01,2020,4,3241091.8692468437,236542.57151336962,84574.32158701099,1414085.881456374,394682.25739634316,284887.56489287433,114300.94487986605,158016.6158701821,133314.67125982846,10245.771256865482,410441.2691341298
2020-05-01,2020,5,3255140.7949829446,231871.57513306994,84568.49135693294,1431587.8314979523,399603.45651859697,296096.43201512814,117304.48202131913,157601.66668132105,131552.74103957892,9473.347001421274,395480.7717176238
2020-06-01,2020,6,3378006.766737074,331603.6966232134,84523.1249894724,1443452.1068869063,411771.37485556357,301787.0528188729,118213.59389856113,163002.43036115108,126867.14715896882,9396.892344508393,387389.34679985605
2020-07-01,2020,7,3383123.1476016743,364793.6730110094,85284.9778632404,1438029.4656997675,386856.9539581881,303650.0453433991,117688.75077637436,162935.1388778068,128292.77976188056,10073.786985844947,385517.5753241628
2020-08-01,2020,8,3354816.9519260186,366857.0842204944,84580.27302019445,1432677.2384739772,376188.49422267097,306668.8011125569,115423.59431138146,162367.73831072848,128442.87654696722,9632.426709296702,371978.4249977508
2020-09-01,2020,9,3352955.081824551,363978.2723472276,83080.84667815398,1430296.0631212085,382676.016934288,304567.476046078,117303.03991948416,161983.41230981934,131627.75272464257,9321.396001207495,368120.8057424411
2020-10-01,2020,10,3313807.193382832,354687.32732077653,85958.65648414376,1421940.3016214925,369176.6259827023,295869.50243868923,119599.17552179033,160882.70887091584,132863.33439445993,9348.753497165097,363480.8072506967
2020-11-01,2020,11,3343697.2641650923,377325.44255382335,87774.05538079249,1429822.039507412,365193.08739127417,295130.4366454476,121926.1697552768,163662.62566667466,136662.21358286962,9011.360718171354,357189.83296335035
2020-12-01,2020,12,3321246.454796358,382283.694235114,90235.93043234253,1425854.670993969,352435.1347005553,287212.8445568878,122633.2460608367,164527.72406033412,137774.63125141204,10427.350151182272,347861.228353724
2021-01-01,2021,1,3301368.6202240116,372782.73368548386,91553.92871673686,1412904.6471333636,368636.6464896382,279793.7742988657,124011.2199844453,164769.54371554035,138492.94042387768,8976.498046616254,339446.6877294439
2021-02-01,2021,2,3308568.651888854,370754.7320002648,89951.02104205584,1420222.8884881558,367751.3944754453,286902.40200127586,133452.56244545017,166416.2932705585,139774.58156935484,8453.90912518055,324888.8674711122
2021-03-01,2021,3,3347500.164562559,433887.240724299,93585.71034877453,1414000.4597312605,357884.0834939681,283267.87465976056,131459.94662180525,165441.5332965144,139430.8817469483,9978.184728137516,318564.2492110909
2021-04-01,2021,4,3292657.405744486,426067.32981915644,95042.83750014138,1393634.1056836476,354674.4187274976,273976.05626024975,131196.44221953346,163897.73181460888,137615.2841148209,8759.63425,307793.56535483035
2021-05-01,2021,5,3295573.889965217,439009.787529529,95469.97789164087,1385350.1792589831,354589.3639682194,272720.8870901117,130823.2905228211,163823.05194924475,136757.62340308662,8502.79656356131,308526.93178801954
2021-06-01,2021,6,3332677.276901914,445526.3980343604,98634.71074344071,1401586.5197470586,369319.6182819094,281232.41332044813,128182.69165289449,159998.57272826796,130537.53822635388,8661.751038538749,308997.06312864146
2021-07-01,2021,7,3341553.6132028694,466305.6910493415,101579.86746258232,1398234.1314280808,367160.3868652634,263041.2328126764,130817.71566227658,158481.86758530105,132008.43933139698,9189.591925587958,314734.68908036215
2021-08-01,2021,8,3332039.6336170165,472109.4253686552,100279.36083114815,1379108.5996775613,379561.6817945543,257440.31989047574,126329.75797993538,157793.9263535072,132169.87425906069,9154.864400730474,318091.8230613879
2021-09-01,2021,9,3316087.34968898,484671.8228273427,98530.42614126496,1372074.5212076483,379076.308478174,251597.4917465171,117266.2234820052,155544.7056045091,131980.5641292607,8942.727162835516,316402.5589094223
2021-10-01,2021,10,3252374.132407706,461451.0925241222,95017.2148367305,1348390.6442270635,374545.4912756042,248495.94042808938,120056.0077258322,151241.05550900594,129898.62372279982,8970.370044801643,314307.6921136571
2021-11-01,2021,11,3303179.900308579,504371.46133737953,93783.54166593926,1357196.555612248,379246.58481812605,237975.4062845063,121944.56141928078,147617.3050469631,126376.88712277233,8717.366890252773,325950.23011111113
2021-12-01,2021,12,3241905.9155254494,496483.17567987426,89886.3740385894,1336508.7388155886,383026.78368973493,238053.32600687334,112235.63691073675,147113.15071145553,126084.7846878257,9262.275929784366,303251.66905498656
2022-01-01,2022,1,3267326.686256201,524571.8032383197,90082.81720862273,1329089.8210182197,380314.0550857311,239030.4003139939,119903.66359351041,146764.28361513483,127018.17309820061,8455.041229683413,302096.6278547849
2022-02-01,2022,2,3229108.657607117,494573.6382130491,87886.09419329873,1318044.54915684,383088.28301277175,242159.25633479466,123096.06957774895,146036.43220363246,124416.24358499597,8006.027151717813,301802.0641782679
2022-03-01,2022,3,3164178.738281241,465741.89376272244,87488.35068139383,1281551.1819209072,396171.96352236206,236948.82947210156,124193.98103784192,144756.78914311764,116878.79391993051,8162.9980297221,302283.95679114194
2022-04-01,2022,4,3222209.306531361,478019.9938869726,90778.9357044802,1292670.716789691,391391.5452354936,239039.09281418007,127677.36532235754,144636.29721063504,115777.76681709438,8533.626379773814,333683.9663706829
2022-05-01,2022,5,3190270.313395384,473218.82821839943,90860.58921850733,1281993.9961652285,387052.1376454271,244657.81323004744,126567.3101640207,144490.27135373166,116145.29023216134,8076.780712510785,317207.2964553494
2022-06-01,2022,6,3198006.337386204,490489.8634580651,90159.75661648595,1270418.917118265,394541.1836834972,242002.41689819132,130297.15116547357,141008.94907075993,110483.8065290156,8093.483065592173,320510.8097808582
2022-07-01,2022,7,3206822.6863107267,487659.49584548577,89424.23424142179,1272199.25821522,395169.5477798539,245263.13853662732,134298.76320436978,141635.33482794717,111475.96520625956,8259.382821237472,321437.56563230423
2022-08-01,2022,8,3189339.858562204,475143.9745592596,87896.00523348019,1261595.1613236826,387966.74341344036,246605.12208869876,131834.59694203237,140772.13097100562,111196.70081269061,8397.281529693326,337932.14168822014
2022-09-01,2022,9,3249825.243285191,479655.8587078144,87796.87566434909,1267857.4643075843,405425.14948285284,252449.85527599818,136987.78957166016,140690.9946280925,110103.17457650146,8333.01110881249,360525.0699615254
2022-10-01,2022,10,3223810.709344053,473076.8939439509,86840.21025229554,1262866.222218883,401217.0649451412,250895.7183254549,140583.86094072013,140639.5882010075,111046.96661887859,8321.791677818399,348322.39221990306
2022-11-01,2022,11,3206988.2260400536,444448.03450861934,87689.7945470333,1273119.3193372565,407988.78315378405,253441.55226955825,142169.1210276454,141437.88719515625,110491.48322546185,8099.519499425387,338102.73127611313
2022-12-01,2022,12,3062737.3003704417,333699.6433367404,85996.56466491714,1257183.0611944539,414648.99527717807,252071.7334685933,133101.83438695283,140352.10248191672,110076.95153850404,8405.765979303018,327200.64804188267
2023-01-01,2023,1,3058571.484967695,359842.7653956558,84455.31487761924,1245378.1073780449,405392.79654859443,253206.25537555362,136667.4575829003,141130.607602385,111333.0904051533,8029.693163671207,313135.39663811744
2023-02-01,2023,2,3031461.779160029,340272.68014851067,83831.12204801282,1229749.4564678506,397865.34074997884,256382.65523023374,140303.07708184962,140216.8139962872,111800.51449742637,7518.675519344359,323521.44342053414
2023-03-01,2023,3,3024221.7809689576,331200.73036933586,84941.42927322403,1227862.133585498,408729.55716727616,260007.1933094157,139119.14864499788,140747.370876839,113127.54186710803,8013.255558175704,310473.42031708703
2023-04-01,2023,4,2997759.639187009,309827.29595955205,83654.54914557913,1218080.3090655815,411569.48881731567,252042.13100083565,141613.04106324166,141785.02258741434,114495.04679305949,7714.665783929466,316978.0889704997
2023-05-01,2023,5,3038271.1307895067,358585.3691945861,85692.62110811038,1209537.447732546,417118.78795844485,249536.7053531982,142519.48221987876,141458.0227527383,112997.76612663043,7782.835546195653,313042.09279717813
2023-06-01,2023,6,3015724.687934382,314422.2533745219,86442.273439142,1215198.9610130112,434696.44336367224,249887.74999835796,141538.07115831808,139960.34169770533,112922.42328417026,7786.461821437479,312869.70878404554
2023-07-01,2023,7,2997552.3721183813,322884.4140298183,82210.89967289178,1201874.3478567193,429058.2916517888,245844.12267720792,142295.45288448295,139001.6937989293,113794.76556424305,7995.765365662353,312592.6186166377
2023-08-01,2023,8,2960417.1350324657,322230.43906761333,81068.46719844383,1184271.4488694172,421358.08626624296,243790.0223695823,140445.92046509948,138187.94776003057,113617.1420989433,7982.840308717907,307464.8206283745
2023-09-01,2023,9,2987437.455255418,326205.8473734547,80729.41994713202,1182173.1367965015,437949.39483191853,250254.69922960273,137074.01116890553,138431.50889304845,112417.69794282594,7567.684391771057,314634.0546802579
2023-10-01,2023,10,2973782.7168672453,331327.3228099885,78193.17854176597,1173094.752680007,437845.15695307753,247954.36525659467,137568.45352025641,137993.56060711647,111914.53256709674,7848.723976456571,310042.6699548854
2023-11-01,2023,11,3037744.501627382,371582.7807349098,78290.62329656965,1186590.782479488,455943.01771495433,248343.68010177708,135984.85722787995,139102.1230512493,113483.6677911891,7668.924672961162,300754.04455640307
2023-12-01,2023,12,3007906.0620294926,342295.09009655804,78554.98864400246,1177574.035816591,473898.8778642003,245302.2378158697,136517.83010055646,138690.9187164056,116258.1680432605,8056.577305688375,290757.33762636024
2024-01-01,2024,1,3013290.584866846,368856.28755240946,78343.52524326608,1164221.5302098026,477100.55908830324,245914.07935776364,136169.23043334024,138467.35082471173,117634.66598916808,7517.259495119441,279066.0966729613
2024-02-01,2024,2,3009216.739663342,344715.8108820077,78674.1361889313,1160283.5008462612,489837.82872369286,248019.07584993434,141930.20198395304,139031.43516884182,118694.38205015185,7329.7628194615445,280700.6051501067
2024-03-01,2024,3,2988211.7076726537,302751.3975977517,77812.3016934262,1157633.9573677909,504055.8063183854,247991.23293450635,143111.36652647442,139017.65092678805,122227.8841594371,7920.233273399316,285689.8768746945
2024-04-01,2024,4,2972667.093734448,300657.61458455346,77753.39372122228,1148967.001715964,501324.52609326964,250450.51866245345,144795.33157134766,137439.7258316211,119665.23954997168,7318.950633048858,284294.79137099575
2024-05-01,2024,5,2964718.439787417,303714.191434323,79309.76254282314,1145388.825223838,491704.5465097829,250882.19112528238,146991.13637832823,136989.26859028562,122013.39144969339,7014.481288970468,280710.6452440899
2024-06-01,2024,6,2954185.191931637,272263.05026018806,81661.4093228639,1160606.264672896,500985.2119664214,251024.6132423639,146284.50956629287,136151.41808003775,119377.37455716982,6885.7638104453,278945.57645295793
2024-07-01,2024,7,2981178.2398946458,303628.37445271364,75438.99013259167,1157487.1031264942,510328.56053272897,252563.4052287999,144883.35281777987,134341.75676833309,121604.9954310693,7444.595996204168,273457.1054079309
2024-08-01,2024,8,2990570.9289039117,326443.56278642936,73786.78207322194,1150504.1108610036,498332.48737977317,254088.93416507228,145346.66944907967,135046.48719407443,120559.06399013079,7312.731680431098,279150.09932469524
2024-09-01,2024,9,3017954.5221937336,305708.64499299467,74652.77738941683,1159582.3491939774,534861.8273530499,258664.42057580003,144029.63701788904,135400.29570583577,120373.3759235908,7116.0130957805395,277565.18094539875
2024-10-01,2024,10,3014247.127973908,317051.49211806845,74853.18716288643,1151763.6409298368,522215.9883288199,258919.9696172411,148346.10962894504,134351.7194679756,118779.11741912179,7555.476019412382,280410.4272816006
2024-11-01,2024,11,3070957.306745792,302522.13178208785,73939.38850374424,1163848.0170273972,559735.6492325265,262271.4753721515,149818.4504140631,134276.55280467425,118760.34350275784,6874.0516445567255,298911.2464618326
2024-12-01,2024,12,3018046.4478329453,289570.6937116032,75013.92581110219,1149109.0991422243,545046.1713401603,259040.23053717433,151844.7728553707,131536.15191609217,121390.29904887774,7852.724820501001,287642.3786498396
2025-01-01,2025,1,3040067.7715726774,299372.6104823558,75952.03096309115,1145861.7153050532,559687.4938510843,262603.6174782548,159205.57474059775,132090.4092008282,122704.0868253981,7130.910762302953,275459.3219637113
2025-02-01,2025,2,3036609.623863601,284662.28876851185,76772.74419906741,1143248.9642315875,568239.6787194124,262525.8449941016,165316.49643256812,131907.03699563604,125183.81360864018,7030.631038020085,271722.12487605604
2025-03-01,2025,3,3021863.454707819,277489.55454228073,76062.81762457182,1149967.2156342112,558742.1325913527,271480.5417650363,165424.66997132162,131365.50153373697,120694.36930584324,6425.478299430415,264211.17344003427
2025-04-01,2025,4,3021861.4967441815,272612.4781117599,77062.9617748773,1146397.914628147,553516.1929907775,268307.3175306761,169297.606875475,129368.49172082807,119478.61863210499,7318.615331301457,278501.2991482347
2025-05-01,2025,5,3047531.308521043,274040.3466089115,80830.85699564908,1148637.6429574601,569598.4509510918,267431.7164560162,172371.50893521085,130012.69986425128,122546.07305486119,6733.360909026186,275328.65178856504
2025-06-01,2025,6,3048817.992086601,278007.94853789784,84687.55387485265,1162176.5252485855,555546.8802385854,264470.3719991749,172474.08647697445,129074.67348104126,117102.49774414538,6887.41027259332,278390.0442127505
2025-07-01,2025,7,3069236.925355623,295009.4247713134,83428.32979014942,1155650.5113974046,572038.312843256,263834.28062129376,173377.92374244984,131141.1003829925,119086.4473082383,7286.05253950059,268384.54195902473
2025-08-01,2025,8,3075660.407781289,300422.62179318,83231.3836820558,1152753.7664088244,575812.7115215211,264385.0482637971,174542.38167739776,131820.4973969929,119543.59222330972,7202.41111808176,265945.9936961281
2025-09-01,2025,9,3078678.3523715506,292900.9061207032,82367.68783634894,1157289.245064609,566486.847723569,267290.9677811613,183409.211860257,132431.55865038632,121768.51798354225,7021.559277928886,267711.85007304477
2025-10-01,2025,10,3103338.299790068,278844.329883456,81474.29308246555,1155072.9373671117,607556.4910752819,262860.6999705802,186359.23527151192,130073.41714686423,123241.34764662935,7090.9989675266215,270764.54937864083
